user_id,video_title,channel_name,category,watch_time,liked,timestamp
999,Gulaabo की अंतिम धमकी | Taarak Mehta Ka Ooltah Chashmah | Comedy Scenes,LIV Comedy,Entertainment,10,Unknown,"Apr 18, 2026, 10:37:55 AM GMT+05:30"
999,Jetha ने बताई Bapuji को अपनी नकली शादी की कहानी | Taarak Mehta Ka Ooltah Chashmah | Full Episode,LIV Comedy,Entertainment,10,Unknown,"Apr 18, 2026, 10:18:02 AM GMT+05:30"
999,"Renewed the vows ( mentally😋)

Wearing my 25 years old reception lehenga

This is how we celebrated our 25th wedding anniversary 😅 Making reels and taking pics in hotel 🤣

Photography @khush_photography13
Makeup @makeupbyanchall 
Hair @hairby_nikitaa 
Location @jwmarriottjuhu
Mehandi @_henna_by_taslim_

#25weddinganniversary #weddinganniversary #jennifermistrybansiwal #bobbybansiwal #25thweddinganniversary",Jennifer Mistry Bansiwal,AI,10,Unknown,"Apr 18, 2026, 10:18:02 AM GMT+05:30"
999,क्या Jethalal की हो रखी दूसरी शादी? | Taarak Mehta Ka Ooltah Chashmah | Full Episode,LIV Comedy,Entertainment,10,Unknown,"Apr 18, 2026, 10:17:58 AM GMT+05:30"
999,Square: Find verified properties only on Housing🏠.,Unknown,Other,10,Unknown,"Apr 18, 2026, 9:27:17 AM GMT+05:30"
999,Anushri Mane & Shravani Solaskar | best friends | tiktok video | question answers | nilu ranji,Shravani Solaskar,Other,10,Unknown,"Apr 18, 2026, 8:34:58 AM GMT+05:30"
999,OAI Task2 IND EN Food 16x9 12s,Unknown,AI,10,Unknown,"Apr 18, 2026, 8:32:45 AM GMT+05:30"
999,Jetha & Friends ने उठाया Samosa-Kachori का लुत्फ़ | Taarak Mehta Ka Ooltah Chashmah | Jetha Jasoos,Sony LIV,Other,10,Unknown,"Apr 18, 2026, 8:31:25 AM GMT+05:30"
999,I am back guysss Love you all 💗🎉,AbhiNonu,Other,10,Unknown,"Apr 18, 2026, 8:31:18 AM GMT+05:30"
999,Jethalal Ne Tappu Ko Kyu Diya Award ! | FULL MOVIE | Taarak Mehta Ka Ooltah Chashmah,Taarak Mehta Ka Ooltah Chashmah,Entertainment,10,Unknown,"Apr 17, 2026, 8:22:46 PM GMT+05:30"
999,"ASSI | Promo | Taapsee Pannu, Kani Kusruti | Anubhav, Bhushan | Watch on ZEE5",Unknown,Other,10,Unknown,"Apr 17, 2026, 8:03:37 PM GMT+05:30"
999,Daya ने परोसा Gada Family को स्वादिष्ट खाना | Taarak Mehta Ka Ooltah Chashmah | Full Episode,LIV Comedy,Entertainment,10,Unknown,"Apr 17, 2026, 8:03:35 PM GMT+05:30"
999,Product 3,Unknown,Other,10,Unknown,"Apr 17, 2026, 7:33:32 PM GMT+05:30"
999,"Jetha ने दी Pizza, Burger और French Fries की Party |Taarak Mehta Ka Ooltah Chashmah| Comedy Overdose",Sony LIV,Entertainment,10,Unknown,"Apr 17, 2026, 7:22:51 PM GMT+05:30"
999,Daya ने बनाया Jetha की Favorite Dishes |Taarak Mehta Ka Ooltah Chashmah |Gokuldham ki Hasya Kathayen,LIV Comedy,Other,10,Unknown,"Apr 17, 2026, 7:22:14 PM GMT+05:30"
999,Ragebaiting him is my passion 😂,Vishakha & Divesh,AI,10,Unknown,"Apr 17, 2026, 6:10:56 PM GMT+05:30"
999,MUSHROOM WINGS BO SSI MIX MID ENG PF D10 VOI 9X16,Unknown,Other,10,Unknown,"Apr 17, 2026, 6:10:40 PM GMT+05:30"
999,POV: She Didn't Follow Her Dads Rules #prom #dressess #dress #fashion #promdresses #dressootd #ootd,Milivine Studio,Fashion,10,Unknown,"Apr 17, 2026, 6:08:56 PM GMT+05:30"
999,She can’t hide from me…😏 #shorts #couple #relationship,NickandCarrie,Other,10,Unknown,"Apr 17, 2026, 6:08:07 PM GMT+05:30"
999,"Clear Aligners @ ₹24,999 | Free Consultation & Free Scanning | No Cost EMIs! | Preferred by Celebs.",Unknown,Other,10,Unknown,"Apr 17, 2026, 6:07:50 PM GMT+05:30"
999,Foodies On Navratri Fast,Paayal Tena Short Videos,Other,10,Unknown,"Apr 17, 2026, 6:06:59 PM GMT+05:30"
999,TRYING CHATOLI GALI FOOD IN LUCKNOW. 😱😱,So Saute,Other,10,Unknown,"Apr 17, 2026, 6:06:55 PM GMT+05:30"
999,SHALA | S2 - EP22 - Nirop | शाळा - पर्व २ - भाग २२ - निरोप,Synergy Productions,Other,10,Unknown,"Apr 17, 2026, 6:05:12 PM GMT+05:30"
999,BB x RCB Everything You Need 06 Sec Portrait,Unknown,AI,10,Unknown,"Apr 17, 2026, 6:05:06 PM GMT+05:30"
999,Lasooni Thecha Paratha !! The queen of all parathas. Super flaky &,Chef Neha Deepak Shah,Other,10,Unknown,"Apr 17, 2026, 6:04:58 PM GMT+05:30"
999,#shorts Spicy Paneer Paratha Bun #easyrecipes #ashortaday,A Garnish Bowl,Other,10,Unknown,"Apr 17, 2026, 6:00:00 PM GMT+05:30"
999,4 Must Try Paratha Recipe | Pyaaz Ka Paratha | Chilli Garlic Cheese Paratha | Corn Cheese Paratha,Foodies Food Court,Other,10,Unknown,"Apr 17, 2026, 5:58:02 PM GMT+05:30"
999,Mix vegetable Paratha 🫓 easy and quick recipe 🤤 #shorts #viral #food #recipe #khana #love #foodie,Foodie Appu,Other,10,Unknown,"Apr 17, 2026, 5:57:53 PM GMT+05:30"
999,Trending Pyaz Paratha Recipe #onion #recipe #shorts,Whisk N Crisp,Other,10,Unknown,"Apr 17, 2026, 5:57:51 PM GMT+05:30"
999,Secret Ingredient BEST PARATHA Recipe 😍,So Saute,Other,10,Unknown,"Apr 17, 2026, 5:57:13 PM GMT+05:30"
999,Vegetable paratha #vegetableparatha  #paratharecipe #parathas #shorts #youtubeshorts #shortsviral,mumbaifoodiz,Other,10,Unknown,"Apr 17, 2026, 5:56:41 PM GMT+05:30"
999,Easy Masala Lachha Paratha #short #lachhaparatha #pakladiesvlog,Pakladies,Other,10,Unknown,"Apr 17, 2026, 5:56:15 PM GMT+05:30"
999,SHALA | S2 - EP21 - Purv Pariksha | शाळा - पर्व २ - भाग २१ - पूर्व परीक्षा,Synergy Productions,Other,10,Unknown,"Apr 17, 2026, 5:38:14 PM GMT+05:30"
999,SUPERPOSITION THEOREM SOLVED PROBLEMS 1 IN ELECTRICAL ENGINEERING  @TIKLESACADEMY,TIKLE'S ACADEMY OF EDUCATION,Other,10,Unknown,"Apr 17, 2026, 2:33:50 PM GMT+05:30"
999,Product 2,Unknown,Other,10,Unknown,"Apr 17, 2026, 2:33:44 PM GMT+05:30"
999,Shortened: 9x16 9,Unknown,Other,10,Unknown,"Apr 17, 2026, 2:33:40 PM GMT+05:30"
999,A ₹1 deal just for you. Get all essentials delivered at your doorstep.,Unknown,Other,10,Unknown,"Apr 17, 2026, 2:33:01 PM GMT+05:30"
999,"Cashify- Bechoge Nahi, To Phekoge Feat. Rajkummar Rao- 20 sec",Unknown,Other,10,Unknown,"Apr 17, 2026, 2:11:47 PM GMT+05:30"
999,LEARN KVL in just 12 Min with shortcut ( Kirchoff Voltage Law),Zarrar Khan,Other,10,Unknown,"Apr 17, 2026, 2:04:47 PM GMT+05:30"
999,Google One | Aapki Digital Life Ka Storage,Unknown,Other,10,Unknown,"Apr 17, 2026, 2:04:41 PM GMT+05:30"
999,Short Trick To Apply KCL with Ohm's Law | Nodal Analysis | Kirchhoff's Laws #kvl #kcl #iitjeephysics,Target JEE,Other,10,Unknown,"Apr 17, 2026, 2:04:06 PM GMT+05:30"
999,Google One | आपकी डिजिटल लाइफ़ का स्टोरेज,Unknown,Other,10,Unknown,"Apr 17, 2026, 2:03:27 PM GMT+05:30"
999,Ruchika bhabhi is goated 🔥❤️ @triggeredinsaan  #liveinsaan #shorts,Triggered Anaya,Other,10,Unknown,"Apr 16, 2026, 8:58:17 PM GMT+05:30"
999,Hyping the bride on her most awaited dayy❤️,Radhika Goyal,AI,10,Unknown,"Apr 16, 2026, 8:57:57 PM GMT+05:30"
999,What’s Faster ? MAKING OR ORDERING Steamed Chicken Momos 😱😱,So Saute,Other,10,Unknown,"Apr 16, 2026, 8:57:10 PM GMT+05:30"
999,POV: Stranger Tries To Give Prom Advice#prom #dressess #fashion #dressootd #dress #promdresses #ootd,Milivine Studio,Fashion,10,Unknown,"Apr 16, 2026, 8:55:26 PM GMT+05:30"
999,😂VIRAL 1 to 10 challenge with my husband! Google guy lost? #googleguy #ytshorts,Life with Google Guy,Other,10,Unknown,"Apr 16, 2026, 8:54:05 PM GMT+05:30"
999,😍Testing our COMPATIBILITY : Cute couple edition! #coupleshorts #shorts,Life with Google Guy,Other,10,Unknown,"Apr 16, 2026, 8:52:51 PM GMT+05:30"
999,SHALA | S2 - EP21 - Purv Pariksha | शाळा - पर्व २ - भाग २१ - पूर्व परीक्षा,Synergy Productions,Other,10,Unknown,"Apr 16, 2026, 7:58:53 PM GMT+05:30"
999,Cadbury Fuse | Doli (6seconds),Unknown,Other,10,Unknown,"Apr 16, 2026, 7:58:47 PM GMT+05:30"
999,SHALA | S2 - EP20 - Shivajayanti | शाळा - पर्व २ - भाग २० - शिवजयंती,Synergy Productions,Other,10,Unknown,"Apr 16, 2026, 7:33:17 PM GMT+05:30"
999,Living on Rs 1000 for 24 HOURS Challenge | Food Challenge,Priyanka Tiwari,Other,10,Unknown,"Apr 16, 2026, 7:06:55 PM GMT+05:30"
999,🔥 Turn Up The Heat: Hot & Spicy Schezwan Fries Are Here!,Unknown,Other,10,Unknown,"Apr 16, 2026, 7:06:35 PM GMT+05:30"
999,SHALA | S2 - EP19 - Valentine Day | शाळा - पर्व २ - भाग १९ - व्हॅलेंटाईन डे,Synergy Productions,Other,10,Unknown,"Apr 16, 2026, 6:57:43 PM GMT+05:30"
999,Square: Find verified properties only on Housing🏠.,Unknown,Other,10,Unknown,"Apr 16, 2026, 6:33:41 PM GMT+05:30"
999,Trying Every State's Food To Find The Best 🔥🔥,So Saute,Other,10,Unknown,"Apr 16, 2026, 6:33:07 PM GMT+05:30"
999,Episode 898 - Taarak Mehta Ka Ooltah Chashmah - Full Episode | तारक मेहता का उल्टा चश्मा,Taarak Mehta Ka Ooltah Chashmah,Entertainment,10,Unknown,"Apr 16, 2026, 5:52:13 PM GMT+05:30"
999,A ₹1 deal just for you. Get all essentials delivered at your doorstep.,Unknown,Other,10,Unknown,"Apr 16, 2026, 5:49:53 PM GMT+05:30"
999,Indians on Sunday | Chole Bhature Lovers | Every Delhiite,Paayal Tena Short Videos,Other,10,Unknown,"Apr 16, 2026, 5:44:38 PM GMT+05:30"
999,Episode 898 - Taarak Mehta Ka Ooltah Chashmah - Full Episode | तारक मेहता का उल्टा चश्मा,Taarak Mehta Ka Ooltah Chashmah,Entertainment,10,Unknown,"Apr 15, 2026, 11:27:15 PM GMT+05:30"
999,Amazon | Budget Tech x Fashion | Hindi,Unknown,Technology,10,Unknown,"Apr 15, 2026, 11:21:03 PM GMT+05:30"
999,Episode 897 - Taarak Mehta Ka Ooltah Chashmah - Full Episode | तारक मेहता का उल्टा चश्मा,Taarak Mehta Ka Ooltah Chashmah,Entertainment,10,Unknown,"Apr 15, 2026, 11:07:46 PM GMT+05:30"
999,Episode 896 - Taarak Mehta Ka Ooltah Chashmah - Full Episode | तारक मेहता का उल्टा चश्मा,Taarak Mehta Ka Ooltah Chashmah,Entertainment,10,Unknown,"Apr 15, 2026, 11:02:08 PM GMT+05:30"
999,SHALA | S2 - EP18 - Happy Birthday | शाळा - पर्व २ - भाग १८ - हॅपी बर्थडे,Synergy Productions,Other,10,Unknown,"Apr 15, 2026, 11:00:09 PM GMT+05:30"
999,SHALA | S2 - EP17 - 26 January | शाळा - पर्व २ - भाग १७ - २६ जानेवारी,Synergy Productions,Other,10,Unknown,"Apr 15, 2026, 9:20:47 PM GMT+05:30"
999,😎 Smart papa ki pari 😂😛 | Part 22 | Vimal Gupta | #funnyvideos #panipuri #papakipari #comedy,vimal Gupta,Entertainment,10,Unknown,"Apr 15, 2026, 9:18:31 PM GMT+05:30"
999,ek cricketer slaves jo ipl khelta hui usne massage kiya tha.😂😄 pranit more. |,Fun_short,Other,10,Unknown,"Apr 15, 2026, 9:17:31 PM GMT+05:30"
999,Complete Task to Find Out #funnyshorts #ytshorts #shorts,THE BROWN SIBLINGS,Entertainment,10,Unknown,"Apr 15, 2026, 9:17:14 PM GMT+05:30"
999,Customer ne ki order cancel ki request #cloudkitchen,Lakshay vlogs,Other,10,Unknown,"Apr 15, 2026, 9:16:29 PM GMT+05:30"
999,OG vs. NEW Rice Style! Jasmine Rice Comparison ft. #thakursisters #foodchallenge #shorts,Thakur Sisters,Other,10,Unknown,"Apr 15, 2026, 9:15:27 PM GMT+05:30"
999,POV: Rude Customer Gives MASSIVE Tip  #prom #dressess #fashion #promdresses #dressootd #dress #ootd,Milivine Studio,Fashion,10,Unknown,"Apr 15, 2026, 9:13:40 PM GMT+05:30"
999,Guess my Number with Google Guy!🙈#quiz #couplegames #trivia,Life with Google Guy,Other,10,Unknown,"Apr 15, 2026, 9:13:19 PM GMT+05:30"
999,"Revealing my BIGGEST INSECURITY, My WEIGHT to the internet! #weightloss #vaishnavithakur",Vaishnavi Thakur,AI,10,Unknown,"Apr 15, 2026, 9:11:42 PM GMT+05:30"
999,Shortened: Find ready to move in homes easily on Housing.🏠,Unknown,Other,10,Unknown,"Apr 15, 2026, 7:29:41 PM GMT+05:30"
999,SHALA | S2 - EP16 - Miss You | शाळा - पर्व २ - भाग १६ - मिस यु,Synergy Productions,Other,10,Unknown,"Apr 15, 2026, 7:12:56 PM GMT+05:30"
999,SHALA | S2 - EP15 - Lovestory | शाळा - पर्व २ - भाग १५ - लव्ह - स्टोरी,Synergy Productions,Other,10,Unknown,"Apr 15, 2026, 7:04:49 PM GMT+05:30"
999,Wet and joy with my cutiess!🤌🏻🩷.....#trending #explore #besties #cutiess#traveling,Gauri Sonawane,Other,10,Unknown,"Apr 15, 2026, 7:04:40 PM GMT+05:30"
999,https://www.flipkart.com/clo/~cs-rie3lbmm4m/pr?sid=clo&collection-tab-name=Kurtis+Dress+materials&pageCriteria=default&p%5B%5D=facets.price_range.from%3DMin&p%5B%5D=facets.price_range.to%3D299&sort=recency_desc?&cmpid=content_appretar_ytpa_partnership_inapp_google&https://www.flipkart.com/arb/~cs-yr52lstyii/pr?sid=arb&collection-tab-name=hhlowasp&pageCriteria=default?&cmpid=content_appretar_ytpa_partnership_inapp_google&&cmpid=content_23279607974_gmc_pla&gad_source=2&gad_campaignid=23279607974,Unknown,AI,10,Unknown,"Apr 15, 2026, 6:35:48 PM GMT+05:30"
999,Viral Kurta Palazzo  Set| Flipkart Haul|,Unknown,Other,10,Unknown,"Apr 15, 2026, 6:35:35 PM GMT+05:30"
999,SHALA | S2 - EP14 - Class | शाळा - पर्व २ - भाग १४ - क्लास,Synergy Productions,Other,10,Unknown,"Apr 15, 2026, 6:21:11 PM GMT+05:30"
999,Join Google One | More storage + backup,Unknown,Other,10,Unknown,"Apr 15, 2026, 6:20:58 PM GMT+05:30"
999,Positive Vibes 🧿🔮📿 at Shubh Gems,Unknown,Other,10,Unknown,"Apr 15, 2026, 6:15:05 PM GMT+05:30"
999,SHALA | S2 - EP13 - Palayan | शाळा - पर्व २ - भाग १३ - पलायन,Synergy Productions,Other,10,Unknown,"Apr 15, 2026, 6:07:48 PM GMT+05:30"
999,OAI FebVideographer India UC3 1x1,Unknown,AI,10,Unknown,"Apr 15, 2026, 6:07:42 PM GMT+05:30"
999,Google One | Aapki Digital Life Ka Storage,Unknown,Other,10,Unknown,"Apr 15, 2026, 6:04:41 PM GMT+05:30"
999,SHALA | S2 - EP12 - 31st December | शाळा - पर्व 2 - भाग १२ - ३१ डिसेंबर,Synergy Productions,Other,10,Unknown,"Apr 15, 2026, 6:02:39 PM GMT+05:30"
999,SHALA | S2 - EP12 - 31st December | शाळा - पर्व 2 - भाग १२ - ३१ डिसेंबर,Synergy Productions,Other,10,Unknown,"Apr 14, 2026, 11:16:05 PM GMT+05:30"
999,SHALA | S2 - EP11 | Sahal | शाळा - पर्व 2 - भाग ११ - सहल,Synergy Productions,Other,10,Unknown,"Apr 14, 2026, 10:59:18 PM GMT+05:30"
999,SHALA | S2 - EP10 | Pandu | शाळा - पर्व 2 - भाग १० - पांडू,Synergy Productions,Other,10,Unknown,"Apr 14, 2026, 10:40:34 PM GMT+05:30"
999,Google One | Aapki Digital Life Ka Storage,Unknown,Other,10,Unknown,"Apr 14, 2026, 10:24:07 PM GMT+05:30"
999,SHALA | S2 - EP9 | Sorry | शाळा - पर्व 2 - भाग ९ - सॉरी,Synergy Productions,Other,10,Unknown,"Apr 14, 2026, 10:17:12 PM GMT+05:30"
999,009 1225 GetInspiredOnGroups Crafts GLOBAL Acq EN UAC 1920x1080 21s Null FB M0 267,Unknown,Other,10,Unknown,"Apr 14, 2026, 10:17:07 PM GMT+05:30"
999,Ludo King Portrait Themes,Unknown,AI,10,Unknown,"Apr 14, 2026, 10:17:00 PM GMT+05:30"
999,Join Google One | More storage,Unknown,Other,10,Unknown,"Apr 14, 2026, 10:13:33 PM GMT+05:30"
999,Nimrit Kaur ki leather skirt bahut sunder emotional hai for me✨ #nimritkaur #flipkart,Unknown,AI,10,Unknown,"Apr 14, 2026, 10:07:53 PM GMT+05:30"
999,SHALA | S2 - EP8 | Chuk-Bhul | शाळा - पर्व 2 - भाग ८ - चूक - भूल,Synergy Productions,Other,10,Unknown,"Apr 14, 2026, 10:01:34 PM GMT+05:30"
999,CL-V251210-5_2025-12-23_13-34-27.mp4,Unknown,Other,10,Unknown,"Apr 14, 2026, 10:01:15 PM GMT+05:30"
999,Join Google One | More storage + backup,Unknown,Other,10,Unknown,"Apr 14, 2026, 9:54:32 PM GMT+05:30"
999,SHALA | S1 - EP7 | Turning Point  | शाळा - पर्व १ - भाग ७ - टर्निंग पॉईंट | मराठी वेब सिरीज,Synergy Productions,Other,10,Unknown,"Apr 14, 2026, 9:53:10 PM GMT+05:30"
999,SHALA | S1 - EP6 | Prem..? | शाळा - पर्व १ - भाग ६ - प्रेम...? | मराठी वेब सिरीज,Synergy Productions,Other,10,Unknown,"Apr 14, 2026, 9:50:48 PM GMT+05:30"
999,Shortened: Kya karega Aghora Neel ke saath? | Mahagatha | Pocket FM,Unknown,Other,10,Unknown,"Apr 14, 2026, 9:50:42 PM GMT+05:30"
999,LK 1051,Unknown,Other,10,Unknown,"Apr 14, 2026, 9:50:37 PM GMT+05:30"
999,Google One | Aapki Digital Life Ka Storage,Unknown,Other,10,Unknown,"Apr 14, 2026, 9:31:28 PM GMT+05:30"
999,Mom Daughter twinning outfits| Mom and baby girl twinning dresses| Flipkart Haul|,Unknown,Fashion,10,Unknown,"Apr 14, 2026, 9:24:47 PM GMT+05:30"
999,New Snickers Peanut Brownie,Unknown,Other,10,Unknown,"Apr 14, 2026, 9:24:32 PM GMT+05:30"
999,39.mp4,Unknown,Other,10,Unknown,"Apr 14, 2026, 9:17:48 PM GMT+05:30"
999,SHALA | S1 - EP5 | Nikal | शाळा - पर्व १ - भाग ५ - निकाल | मराठी वेब सिरीज | Marathi webseries,Synergy Productions,Entertainment,10,Unknown,"Apr 14, 2026, 9:09:55 PM GMT+05:30"
999,Shani - Confidence Hook 6 seconder (Inf) 16x9- 0:08- 17/02,Unknown,Other,10,Unknown,"Apr 14, 2026, 9:09:50 PM GMT+05:30"
999,"SHALA | S1 - EP3 | ""Te"" Pustak | शाळा - पर्व १ - भाग ३ - ""ते"" पुस्तक | मराठी वेब सिरीज",Synergy Productions,Other,10,Unknown,"Apr 14, 2026, 9:03:41 PM GMT+05:30"
999,https://ad.doubleclick.net/searchads/link/click?lid=58700008900342323&ds_a_cid=6905154668&ds_a_caid=22609152458&ds_a_agid=&ds_a_fiid=&ds_a_lid=&ds_a_extid=&&ds_e_adid=&ds_e_matchtype=&ds_e_device=m&ds_e_network=x&&ds_url_v=2&ds_dest_url=https://one.google.com/about/plans?utm_source=g1&utm_medium=paid_media&utm_campaign=storage&gclsrc=aw.ds&gad_source=2&gad_campaignid=22609163186,Unknown,AI,10,Unknown,"Apr 14, 2026, 9:03:37 PM GMT+05:30"
999,Google One | Aapki Digital Life Ka Storage,Unknown,Other,10,Unknown,"Apr 14, 2026, 9:03:31 PM GMT+05:30"
999,"Hey Kay Navin? | Snippets | Marathi ZEE5 Original | Priya Bapat, Umesh Kamat | Pre 31st Mar",Unknown,Other,10,Unknown,"Apr 14, 2026, 8:59:27 PM GMT+05:30"
999,Product 3,Unknown,Other,10,Unknown,"Apr 14, 2026, 8:53:51 PM GMT+05:30"
999,SHALA | S1 - EP2 | Chithhi | शाळा - पर्व १ - भाग २ - चिठ्ठी | मराठी वेब सिरीज | Marathi webseries,Synergy Productions,Entertainment,10,Unknown,"Apr 14, 2026, 8:48:54 PM GMT+05:30"
999,SHALA | S1 - EP1 Shalecha Pahila Divas | शाळा - पर्व १ - भाग १ - शाळेचा पहिला दिवस | मराठी वेब सिरीज,Synergy Productions,Other,10,Unknown,"Apr 14, 2026, 8:48:48 PM GMT+05:30"
999,Main Nahi Toh Kaun Be by Royal Challenge Packaged Drinking Water #ChooseBold,Unknown,AI,10,Unknown,"Apr 14, 2026, 8:48:11 PM GMT+05:30"
999,Episode 896 - Taarak Mehta Ka Ooltah Chashmah - Full Episode | तारक मेहता का उल्टा चश्मा,Taarak Mehta Ka Ooltah Chashmah,Entertainment,10,Unknown,"Apr 14, 2026, 8:44:40 PM GMT+05:30"
999,"Flipkart 2+✨""Festive Kurta Sets"" l Affordable festive wear|anarkali Kurta Sets| #flipkart #unboxing",Unknown,Other,10,Unknown,"Apr 14, 2026, 8:42:48 PM GMT+05:30"
999,Episode 895 - Taarak Mehta Ka Ooltah Chashmah - Full Episode | तारक मेहता का उल्टा चश्मा,Taarak Mehta Ka Ooltah Chashmah,Entertainment,10,Unknown,"Apr 14, 2026, 8:35:25 PM GMT+05:30"
999,Shortened: Find Verified Properties only on Housing🏠,Unknown,Other,10,Unknown,"Apr 14, 2026, 8:35:19 PM GMT+05:30"
999,MakeMyTrip Glasses Clanking 1920x1080 4,Unknown,Other,10,Unknown,"Apr 14, 2026, 8:35:12 PM GMT+05:30"
999,Price Drop Auto 16x9,Unknown,Other,10,Unknown,"Apr 14, 2026, 4:23:49 PM GMT+05:30"
999,AJIO Sale is Live!,Unknown,Other,10,Unknown,"Apr 14, 2026, 4:23:43 PM GMT+05:30"
999,Get energy drinks in 10 mins,Unknown,Other,10,Unknown,"Apr 14, 2026, 4:16:49 PM GMT+05:30"
999,Shortened: Veg Mode Dal 1x1 b,Unknown,Other,10,Unknown,"Apr 14, 2026, 4:16:41 PM GMT+05:30"
999,3 piece set!!🤯Just wow!!🫶🏻🥰 #ytshorts #flipkarthaul #ethnic #ethnicfashion #grwm,Unknown,Fashion,10,Unknown,"Apr 14, 2026, 4:13:33 PM GMT+05:30"
999,Square: Find verified properties only on Housing🏠.,Unknown,Other,10,Unknown,"Apr 14, 2026, 4:07:15 PM GMT+05:30"
999,Shortened: 1080X1920,Unknown,Other,10,Unknown,"Apr 14, 2026, 4:07:08 PM GMT+05:30"
999,Episode 894 - Taarak Mehta Ka Ooltah Chashmah - Full Episode | तारक मेहता का उल्टा चश्मा,Taarak Mehta Ka Ooltah Chashmah,Entertainment,10,Unknown,"Apr 14, 2026, 3:55:29 PM GMT+05:30"
999,OAI Task2 IND EN Food 16x9 18s,Unknown,AI,10,Unknown,"Apr 14, 2026, 3:51:57 PM GMT+05:30"
999,Shortened: Party Wear Kurta Sets 😍👌 #flipkart #kurti #shorts #ytshortsindia #myntra #meesho #short,Unknown,Other,10,Unknown,"Apr 14, 2026, 3:45:23 PM GMT+05:30"
999,Episode 893 - Taarak Mehta Ka Ooltah Chashmah - Full Episode | तारक मेहता का उल्टा चश्मा,Taarak Mehta Ka Ooltah Chashmah,Entertainment,10,Unknown,"Apr 14, 2026, 3:39:08 PM GMT+05:30"
999,Episode 892 - Taarak Mehta Ka Ooltah Chashmah - Full Episode | तारक मेहता का उल्टा चश्मा,Taarak Mehta Ka Ooltah Chashmah,Entertainment,10,Unknown,"Apr 14, 2026, 1:48:48 PM GMT+05:30"
999,Google AI Plus,Unknown,AI,10,Unknown,"Apr 14, 2026, 1:48:13 PM GMT+05:30"
999,OAI ICC ImageGen UseCase4 9x16 HINDI,Unknown,AI,10,Unknown,"Apr 14, 2026, 1:42:02 PM GMT+05:30"
999,Price Drop Cab 16x9,Unknown,Other,10,Unknown,"Apr 14, 2026, 1:36:23 PM GMT+05:30"
999,Google AI Plus,Unknown,AI,10,Unknown,"Apr 14, 2026, 1:31:18 PM GMT+05:30"
999,NU Footwear Comp 9x16 6sec,Unknown,Other,10,Unknown,"Apr 14, 2026, 1:31:11 PM GMT+05:30"
999,Episode 891 - Taarak Mehta Ka Ooltah Chashmah - Full Episode | तारक मेहता का उल्टा चश्मा,Taarak Mehta Ka Ooltah Chashmah,Entertainment,10,Unknown,"Apr 14, 2026, 1:18:12 PM GMT+05:30"
999,OAI Task2 IND HIN Food 16x9 18s,Unknown,AI,10,Unknown,"Apr 14, 2026, 1:17:03 PM GMT+05:30"
999,OAI FebVideographer India UC1 1x1,Unknown,AI,10,Unknown,"Apr 14, 2026, 1:16:49 PM GMT+05:30"
999,An Exciting Career That Requires No Programming Skills,Unknown,Technology,10,Unknown,"Apr 14, 2026, 11:50:39 AM GMT+05:30"
999,Be part of Mesa's next cohort,Unknown,Other,10,Unknown,"Apr 14, 2026, 11:44:53 AM GMT+05:30"
999,मराठी शाळा -Back to School | Marathi Shala | Epi.20 - Nirop | भाग 20 - निरोप,Viral Zone Production,Other,10,Unknown,"Apr 14, 2026, 11:44:41 AM GMT+05:30"
999,0413 4,Unknown,Other,10,Unknown,"Apr 14, 2026, 10:51:36 AM GMT+05:30"
999,Shortened: Veg Mode Dal 16x9 b,Unknown,Other,10,Unknown,"Apr 14, 2026, 10:38:21 AM GMT+05:30"
999,मराठी शाळा -Back to School | Marathi Shala | Epi.19 - Visvas | भाग 19 - विश्वास,Viral Zone Production,Other,10,Unknown,"Apr 14, 2026, 10:25:06 AM GMT+05:30"
999,Discover the joy of making new friends. Download Vibely today!,Unknown,Other,10,Unknown,"Apr 14, 2026, 10:22:48 AM GMT+05:30"
999,Break pe sirf KitKat break! (20 sec),Unknown,Other,10,Unknown,"Apr 14, 2026, 10:22:27 AM GMT+05:30"
999,A ₹1 deal just for you. Get all essentials delivered at your doorstep.,Unknown,Other,10,Unknown,"Apr 14, 2026, 10:22:23 AM GMT+05:30"
999,मराठी शाळा -Back to School | Marathi Shala | Epi.18 premrog | भाग 18 प्रेमरोग,Viral Zone Production,Other,10,Unknown,"Apr 14, 2026, 12:34:55 AM GMT+05:30"
999,मराठी शाळा -Back to School | Marathi Shala | Epi.17 Chapter | भाग 17 धडा,Viral Zone Production,Other,10,Unknown,"Apr 14, 2026, 12:19:15 AM GMT+05:30"
999,मराठी शाळा -Back to School | Marathi Shala | Epi.16 Love | भाग 16 प्रेम,Viral Zone Production,Other,10,Unknown,"Apr 14, 2026, 12:10:28 AM GMT+05:30"
999,Living on Rs 250 for 24 HOURS Challenge | LUDHIANA Food Challenge,Priyanka Tiwari,Other,10,Unknown,"Apr 14, 2026, 12:02:47 AM GMT+05:30"
999,One Sided Love Short Film | Friendships Hindi Short Movies | Content Ka Keeda,ContentkaKeeda,Entertainment,10,Unknown,"Apr 14, 2026, 12:01:10 AM GMT+05:30"
999,मराठी शाळा -Back to School | Marathi Shala | Epi.16 Love | भाग 16 प्रेम,Viral Zone Production,Other,10,Unknown,"Apr 13, 2026, 11:49:38 PM GMT+05:30"
999,UG Program at Mesa School,Unknown,Other,10,Unknown,"Apr 13, 2026, 11:41:47 PM GMT+05:30"
999,मराठी शाळा -Back to School | Marathi Shala | Epi.15 Paij | भाग 15 पैज,Viral Zone Production,AI,10,Unknown,"Apr 13, 2026, 11:41:01 PM GMT+05:30"
999,All you need is some dark chocolate & milk 🥛 ☕️,The Classy Foodophile,Other,10,Unknown,"Apr 13, 2026, 11:05:24 PM GMT+05:30"
999,dairy milk hot chocolate milk| hot chocolate milk| milkshake #shorts #youtubeshorts,Hungry Udupian,AI,10,Unknown,"Apr 13, 2026, 11:04:25 PM GMT+05:30"
999,Hot Chocolate | Chocolate drink recipe #shortsfeed #youtubeshorts,Hum Bihar Se Hain Recipes,Other,10,Unknown,"Apr 13, 2026, 11:04:04 PM GMT+05:30"
999,HOT Chocolate Recipe 🤎 🍫 #shorts #hotchocolaterecipe #chocolatelove #chocolatedrink #chocolaterecipe,Chef Prateek's Kitchen,Other,10,Unknown,"Apr 13, 2026, 11:03:35 PM GMT+05:30"
999,OAI FebVideographer India UC1 9x16,Unknown,AI,10,Unknown,"Apr 13, 2026, 10:05:20 PM GMT+05:30"
999,मराठी शाळा -Back to School | Marathi Shala | Epi.14 - Badali | भाग 14 - बदली,Viral Zone Production,Other,10,Unknown,"Apr 13, 2026, 10:01:56 PM GMT+05:30"
999,मराठी शाळा -Back to School | Marathi Shala | Epi.13 - Teachers Day | भाग 13 - शिक्षक दिन,Viral Zone Production,Other,10,Unknown,"Apr 13, 2026, 9:31:43 PM GMT+05:30"
999,मराठी शाळा -Back to School | Marathi Shala | Epi.12 - Sahal | भाग 12-  सहल,Viral Zone Production,Other,10,Unknown,"Apr 13, 2026, 7:44:07 PM GMT+05:30"
999,मराठी शाळा -Back to School | Marathi Shala | Epi.11 - Pustak | भाग 11-  पुस्तक,Viral Zone Production,Other,10,Unknown,"Apr 13, 2026, 7:27:26 PM GMT+05:30"
999,Google One | आपकी डिजिटल लाइफ़ का स्टोरेज,Unknown,Other,10,Unknown,"Apr 13, 2026, 7:23:04 PM GMT+05:30"
999,मराठी शाळा -Back to School | Marathi Shala | Epi.10 - Premach Ganiti | भाग 10- प्रेमाचं गणित,Viral Zone Production,Other,10,Unknown,"Apr 13, 2026, 7:19:18 PM GMT+05:30"
999,Shortened: Play For The Yellove,Unknown,Other,10,Unknown,"Apr 13, 2026, 6:05:03 PM GMT+05:30"
999,मराठी शाळा -Back to School | Marathi Shala | Epi.09 - Manachi Shrimanti | भाग 09 - मनाची श्रीमंती,Viral Zone Production,Other,10,Unknown,"Apr 13, 2026, 5:53:37 PM GMT+05:30"
999,Break pe sirf KitKat break! (20 sec),Unknown,Other,10,Unknown,"Apr 13, 2026, 5:46:28 PM GMT+05:30"
999,मराठी शाळा -Back to School | Marathi Shala | Epi.08 - Crush | भाग 8 - क्रश,Viral Zone Production,Other,10,Unknown,"Apr 13, 2026, 5:41:23 PM GMT+05:30"
999,https://chatgpt.com/?mode=default&prompt=I%27m%20craving%20super%20spicy%20pani%20puri.%20How%20can%20I%20make%20it%20from%20scratch%3F&utm_source=google&utm_medium=programmatic&utm_campaign=GOOG_C_PSD_DGN_Core_CHT_SEA_ACQ_PER_CTX_WEB_APAC_IN_EN_101425&utm_content=GOOG_C_PSD_DGN_Core_CHT_SEA_ACQ_PER_CTX_WEB_APAC_IN_EN_101425&c_id=23097792617&c_agid=186847963139&c_crid=778150297169&gad_source=2&gad_campaignid=23097792617,Unknown,AI,10,Unknown,"Apr 13, 2026, 5:41:09 PM GMT+05:30"
999,OAI Task2 IND EN Food 16x9 18s,Unknown,AI,10,Unknown,"Apr 13, 2026, 5:41:05 PM GMT+05:30"
999,मराठी शाळा -Back to School | Marathi Shala | Epi.07 - Gammat| भाग 7- गंमत,Viral Zone Production,Other,10,Unknown,"Apr 13, 2026, 5:31:45 PM GMT+05:30"
999,मराठी शाळा -Back to School | Marathi Shala | Epi.07 - Gammat| भाग 7- गंमत,Viral Zone Production,Other,10,Unknown,"Apr 12, 2026, 11:42:24 PM GMT+05:30"
999,मराठी शाळा -Back to School | Marathi Shala | Epi.06 - Dosti | भाग 6- दोस्ती,Viral Zone Production,Other,10,Unknown,"Apr 12, 2026, 11:30:25 PM GMT+05:30"
999,मराठी शाळा -Back to School | Marathi Shala | Epi.05- June Mitra | भाग 5- जुने मित्र,Viral Zone Production,Other,10,Unknown,"Apr 12, 2026, 7:51:22 PM GMT+05:30"
999,मराठी शाळा -Back to School | Marathi Shala | Epi.04- Shikvan | भाग 4- शिकवण,Viral Zone Production,Other,10,Unknown,"Apr 12, 2026, 7:39:20 PM GMT+05:30"
999,मराठी शाळा -Back to School | Marathi Shala | Epi.03- Athavan | भाग 3- आठवण,Viral Zone Production,Other,10,Unknown,"Apr 12, 2026, 7:06:16 PM GMT+05:30"
999,Break pe sirf KitKat break! (20 sec),Unknown,Other,10,Unknown,"Apr 12, 2026, 7:05:51 PM GMT+05:30"
999,मराठी शाळा -Back to School | Marathi Shala | Epi.02- School Love | भाग 2- शाळेतील प्रेम,Viral Zone Production,Other,10,Unknown,"Apr 12, 2026, 6:48:54 PM GMT+05:30"
999,Google One | आपकी डिजिटल लाइफ़ का स्टोरेज,Unknown,Other,10,Unknown,"Apr 12, 2026, 6:48:49 PM GMT+05:30"
999,मराठी शाळा - Back to School |Marathi Shala | Epi.01 Punha Shala | भाग १-पुन्हा शाळा,Viral Zone Production,Other,10,Unknown,"Apr 12, 2026, 6:43:35 PM GMT+05:30"
999,Cadbury Silk At The Museum,Unknown,Other,10,Unknown,"Apr 12, 2026, 6:43:29 PM GMT+05:30"
999,COLLEGE WEBSERIES | EPISODE 28 | LOVE LOCHA | ASHISH SHRAVANI | VIRAL ZONE PRODUCTION |,Viral Zone Production,Entertainment,10,Unknown,"Apr 12, 2026, 6:39:21 PM GMT+05:30"
999,Maggie Bhel Chat #food #cooking #asmr #shorts #streetfood @yummyhunt,Yummy Hunt,Other,10,Unknown,"Apr 12, 2026, 6:18:48 PM GMT+05:30"
999,Maggie Bhel 👌 #shorts #asmr #asmrsounds #asmrfood #snacksrecipe #nirmlanehrarecipes,Nirrmla Nehhra,AI,10,Unknown,"Apr 12, 2026, 6:18:01 PM GMT+05:30"
999,Spicy Maggi Bhel Chaat - Perfect Snack Recipe🥵🌶️,Bake  O’clock,Other,10,Unknown,"Apr 12, 2026, 6:17:40 PM GMT+05:30"
999,MAGGI BHEL RECIPE #ashortaday #recipe #shorts #shortvideo,Desi Recipes,Other,10,Unknown,"Apr 12, 2026, 6:17:34 PM GMT+05:30"
999,market://details?id=story.tv.drama.reels,Unknown,AI,10,Unknown,"Apr 12, 2026, 5:33:31 PM GMT+05:30"
999,Story TV - Watch Short Dramas,Unknown,Other,10,Unknown,"Apr 12, 2026, 5:33:30 PM GMT+05:30"
999,COLLEGE WEBSERIES | EPISODE 27 | GAIRSAMAJ | ASHISH SHRAVANI | VIRAL ZONE PRODUCTION | गैरसमज,Viral Zone Production,AI,10,Unknown,"Apr 12, 2026, 5:28:50 PM GMT+05:30"
999,Google One | आपकी डिजिटल लाइफ़ का स्टोरेज,Unknown,Other,10,Unknown,"Apr 12, 2026, 5:28:43 PM GMT+05:30"
999,market://details?id=in.hanafintech,Unknown,Technology,10,Unknown,"Apr 12, 2026, 5:28:37 PM GMT+05:30"
999,PayRupik Instant Personal Loan,Unknown,Other,10,Unknown,"Apr 12, 2026, 5:28:37 PM GMT+05:30"
999,Product 3,Unknown,Other,10,Unknown,"Apr 12, 2026, 5:23:38 PM GMT+05:30"
999,Shani - Confidence Hook 6 seconder (Inf) 16x9- 0:08- 17/02,Unknown,Other,10,Unknown,"Apr 12, 2026, 5:23:30 PM GMT+05:30"
999,COLLEGE WEBSERIES | EPISODE 26 | PHONE CALL | ASHISH SHRAVANI | VIRAL ZONE PRODUCTION | फ़ोन कॉल,Viral Zone Production,Entertainment,10,Unknown,"Apr 12, 2026, 5:19:52 PM GMT+05:30"
999,COLLEGE WEBSERIES | EPISODE 25 | BIRTHDAY RADA | ASHISH SHRAVANI | VIRAL ZONE PRODUCTION |,Viral Zone Production,Entertainment,10,Unknown,"Apr 12, 2026, 5:19:44 PM GMT+05:30"
999,Google One | आपकी डिजिटल लाइफ़ का स्टोरेज,Unknown,Other,10,Unknown,"Apr 12, 2026, 5:19:32 PM GMT+05:30"
999,Shortened: Mashallah Dupatta best quality @Meesho @flipkart @myntra,Unknown,Other,10,Unknown,"Apr 12, 2026, 4:53:23 PM GMT+05:30"
999,Girls After Marriage,Paayal Tena Short Videos,Other,10,Unknown,"Apr 12, 2026, 4:53:22 PM GMT+05:30"
999,Bread Roll Recipe😍 Day 2 Of Street Food Recipe Series #shorts #viral,Foodies Food Court,Entertainment,10,Unknown,"Apr 12, 2026, 4:53:19 PM GMT+05:30"
999,Sisters who share everything 🥹💗 #ruchikarathore #shorts #shortsfeed @triggeredinsaan,yt obsessed,Other,10,Unknown,"Apr 12, 2026, 4:52:39 PM GMT+05:30"
999,COLLEGE WEBSERIES | EPISODE 23 | HANAMARI | ASHISH SHRAVANI | VIRAL ZONE PRODUCTION | हाणामारी,Viral Zone Production,Entertainment,10,Unknown,"Apr 12, 2026, 4:33:36 PM GMT+05:30"
999,COLLEGE WEBSERIES | EPISODE 22 | love Triangle | ASHISH SHRAVANI | VIRAL ZONE PRODUCTION | भाग 22,Viral Zone Production,Entertainment,10,Unknown,"Apr 12, 2026, 4:24:47 PM GMT+05:30"
999,COLLEGE WEBSERIES | EPISODE 21 | MAFI | ASHISH SHRAVANI | VIRAL ZONE PRODUCTION | भाग 21 |,Viral Zone Production,Entertainment,10,Unknown,"Apr 12, 2026, 2:35:23 PM GMT+05:30"
999,COLLEGE WEBSERIES | EPISODE 20 | PASCHATAP | ASHISH SHRAVANI | VIRAL ZONE PRODUCTION | भाग 20 |,Viral Zone Production,Entertainment,10,Unknown,"Apr 12, 2026, 2:35:18 PM GMT+05:30"
999,Ep 1112 - Taarak Mehta Ka Ooltah Chashmah - Full Episode | तारक मेहता का उल्टा चश्मा,Taarak Mehta Ka Ooltah Chashmah,Entertainment,10,Unknown,"Apr 12, 2026, 1:52:47 PM GMT+05:30"
999,"Jeere Mein Heera, Rimzim Jeera",Unknown,Other,10,Unknown,"Apr 12, 2026, 1:52:40 PM GMT+05:30"
999,Best Time to Buy and Sell a Stock II - Leetcode 122 - Python,NeetCode,Technology,10,Unknown,"Apr 12, 2026, 12:02:23 PM GMT+05:30"
999,Ep 1111 - Taarak Mehta Ka Ooltah Chashmah - Full Episode | तारक मेहता का उल्टा चश्मा,Taarak Mehta Ka Ooltah Chashmah,Entertainment,10,Unknown,"Apr 12, 2026, 11:54:50 AM GMT+05:30"
999,Find verified properties only on Housing🏠.,Unknown,Other,10,Unknown,"Apr 12, 2026, 11:54:41 AM GMT+05:30"
999,🕊️🦚,Isha sisodiya,Other,10,Unknown,"Apr 12, 2026, 11:54:18 AM GMT+05:30"
999,Shortened: AD 5 Aap kisi bhi coach 16x9,Unknown,Other,10,Unknown,"Apr 12, 2026, 11:43:23 AM GMT+05:30"
999,AI_CH_AI714_UV_16x9.mp4,Unknown,AI,10,Unknown,"Apr 12, 2026, 11:35:54 AM GMT+05:30"
999,DSA in Python Course - Leetcode 189: Right Rotate an Array by K Places - Part 29 [Hindi],Code and Debug,Technology,25,Unknown,"Apr 12, 2026, 11:29:25 AM GMT+05:30"
999,PY AG VS09 AG 16 9,Unknown,Other,10,Unknown,"Apr 12, 2026, 11:29:18 AM GMT+05:30"
999,DSA in Python Course - Right Rotate an Array by One Place - Part 28 [Hindi] | Code & Debug,Code and Debug,Technology,25,Unknown,"Apr 12, 2026, 11:19:31 AM GMT+05:30"
999,What is ParakeetAI? Explained 🖥️🦜,Unknown,AI,20,Unknown,"Apr 12, 2026, 11:18:36 AM GMT+05:30"
999,Find ready to move in homes easily on Housing.🏠,Unknown,Other,10,Unknown,"Apr 12, 2026, 11:00:50 AM GMT+05:30"
999,FY25Q3 CC Individual CCIAllApps in en Interoperability VID 1920x1080,Unknown,Other,10,Unknown,"Apr 12, 2026, 10:53:16 AM GMT+05:30"
999,Ep 1110 - Taarak Mehta Ka Ooltah Chashmah - Full Episode | तारक मेहता का उल्टा चश्मा,Taarak Mehta Ka Ooltah Chashmah,Entertainment,10,Unknown,"Apr 12, 2026, 10:47:32 AM GMT+05:30"
999,Ep 1109 - Taarak Mehta Ka Ooltah Chashmah - Full Episode | तारक मेहता का उल्टा चश्मा,Taarak Mehta Ka Ooltah Chashmah,Entertainment,10,Unknown,"Apr 12, 2026, 10:46:02 AM GMT+05:30"
999,Chicken Dum Biryani Recipe | स्वादिष्ट चिकन दम बिरयानी | Chef Sanjyot Keer,Your Food Lab,Other,10,Unknown,"Apr 12, 2026, 10:38:11 AM GMT+05:30"
999,Chicken Biryani | ULTIMATE Chicken Biryani recipe,Rohit Ghosh,Other,10,Unknown,"Apr 12, 2026, 10:37:19 AM GMT+05:30"
999,How to make the best easiest one pot mixed chicken biryani #recipe #easyrecipe y,London Foodee,Other,10,Unknown,"Apr 12, 2026, 10:37:14 AM GMT+05:30"
999,Chicken Dum Biryani Recipe😍 #shorts #biryani #viralvideo,Foodies Food Court,Other,10,Unknown,"Apr 12, 2026, 10:36:26 AM GMT+05:30"
999,Product 2,Unknown,Other,10,Unknown,"Apr 12, 2026, 12:25:03 AM GMT+05:30"
999,"Shortened: मेरे घर का मन्दिर, New design Mandir, new home Temple review.",Unknown,Other,10,Unknown,"Apr 12, 2026, 12:06:39 AM GMT+05:30"
999,Ep 1108 - Taarak Mehta Ka Ooltah Chashmah - Full Episode | तारक मेहता का उल्टा चश्मा,Taarak Mehta Ka Ooltah Chashmah,Entertainment,10,Unknown,"Apr 11, 2026, 11:55:44 PM GMT+05:30"
999,Ep 1107 - Taarak Mehta Ka Ooltah Chashmah - Full Episode | तारक मेहता का उल्टा चश्मा,Taarak Mehta Ka Ooltah Chashmah,Entertainment,10,Unknown,"Apr 11, 2026, 11:37:37 PM GMT+05:30"
999,Ep 1106 - Taarak Mehta Ka Ooltah Chashmah - Full Episode | तारक मेहता का उल्टा चश्मा,Taarak Mehta Ka Ooltah Chashmah,Entertainment,10,Unknown,"Apr 11, 2026, 11:20:22 PM GMT+05:30"
999,Privacy Display: Galaxy S26 Ultra | Samsung,Unknown,Other,10,Unknown,"Apr 11, 2026, 11:07:49 PM GMT+05:30"
999,OAI Task2 IND HIN Food 16x9 12s,Unknown,AI,10,Unknown,"Apr 11, 2026, 11:01:25 PM GMT+05:30"
999,Ep 1185 - Taarak Mehta Ka Ooltah Chashmah - Full Episode | तारक मेहता का उल्टा चश्मा,Taarak Mehta Ka Ooltah Chashmah,Entertainment,10,Unknown,"Apr 11, 2026, 10:57:02 PM GMT+05:30"
999,How’s everyone doing! China 🇨🇳 trip is coming to an end! Time to go back home for a bit before next travel 🧳,NickandCarrie,Other,10,Unknown,"Apr 11, 2026, 10:56:18 PM GMT+05:30"
999,थोड़ा Indian थोड़ा International - किसका Fusion होगा Best? | MasterChef India | Ep 11 | Full Episode,SET India,Entertainment,10,Unknown,"Apr 11, 2026, 8:59:43 PM GMT+05:30"
999,Drive with Confidence | Hyundai EXTER | Drive to Shine,Unknown,AI,10,Unknown,"Apr 11, 2026, 8:59:26 PM GMT+05:30"
999,Google AI Plus,Unknown,AI,10,Unknown,"Apr 11, 2026, 2:09:17 PM GMT+05:30"
999,Reacting to Ruchika and My Old Photos & Love Story (25 Million Special),Triggered Insaan,Other,10,Unknown,"Apr 11, 2026, 1:51:24 PM GMT+05:30"
999,https://blinkit.com/le/beauty_store?utm_source=google&utm_medium=cpc&utm_campaign=23601364263&utm_content=&utm_term=&gad_source=2&gad_campaignid=23606915996,Unknown,AI,10,Unknown,"Apr 11, 2026, 11:55:45 AM GMT+05:30"
999,Foxtale's Play On Summer Sale,Unknown,Other,10,Unknown,"Apr 11, 2026, 11:45:29 AM GMT+05:30"
999,"Arranged Couple | E09 - Pati, Patni aur Paisa Ft. Srishti Shrivastava & Harman Singha | Girliyapa",Girliyapa,AI,10,Unknown,"Apr 11, 2026, 11:39:28 AM GMT+05:30"
999,Skincare products get delivered to your door with Instamart,Unknown,Fashion,10,Unknown,"Apr 11, 2026, 11:39:26 AM GMT+05:30"
999,Square: MakeMyTrip | Travel Booking made easy,Unknown,Other,10,Unknown,"Apr 11, 2026, 11:39:19 AM GMT+05:30"
999,POV: When Your Mom Always Knows Best  #prom #dressess #dress #promdresses #fashion #ootd #dressootd,Milivine Studio,Fashion,10,Unknown,"Apr 11, 2026, 11:38:22 AM GMT+05:30"
999,#flipkart #flipkartfashion #flipkartfinds #ootd #viralshort #ootdguide #fashion,Unknown,Fashion,20,Unknown,"Apr 11, 2026, 11:38:21 AM GMT+05:30"
999,How Were Our Questions THE SAME?🤣 #shorts #couple #funny #cute #comedy #relationship,Mridul and Aditya,Entertainment,10,Unknown,"Apr 11, 2026, 11:38:21 AM GMT+05:30"
999,Did you notice Ruchika's mom? 🥹💗 #ruchikarathore #shorts #shortsfeed @triggeredinsaan,yt obsessed,Other,10,Unknown,"Apr 11, 2026, 11:37:58 AM GMT+05:30"
999,This is so cute 😍  via - lillie.martin3/tiktok,Glowupgurlzz,Other,10,Unknown,"Apr 11, 2026, 10:57:10 AM GMT+05:30"
999,Luxury Glitter Lips Start Here 💎| Pilgrim Dubai Bling Glitter Lipstick,Unknown,AI,10,Unknown,"Apr 11, 2026, 10:57:09 AM GMT+05:30"
999,How many steps to get up the stairs!,Drew Dirksen Shorts,AI,10,Unknown,"Apr 11, 2026, 10:57:00 AM GMT+05:30"
999,my weekly GROCERY order from BLINKIT!🛒 #minivlog,Mitali This Side!!,Other,10,Unknown,"Apr 11, 2026, 10:56:56 AM GMT+05:30"
999,EN_CU0382_ALT717_9_16.mp4,Unknown,Other,10,Unknown,"Apr 11, 2026, 10:56:54 AM GMT+05:30"
999,Throwing challenge no. 9! This one was such a struggle 😅,Leisa Leaf,Other,10,Unknown,"Apr 11, 2026, 10:55:25 AM GMT+05:30"
999,Devrani VS Jethani In Navratri,Paayal Tena Short Videos,Other,10,Unknown,"Apr 11, 2026, 10:54:25 AM GMT+05:30"
999,Shortened: Mashallah Dupatta best quality @Meesho @flipkart @myntra,Unknown,Other,10,Unknown,"Apr 11, 2026, 10:54:24 AM GMT+05:30"
999,Game of Lies (Part 19),Godfrey Twins,Other,10,Unknown,"Apr 11, 2026, 10:53:35 AM GMT+05:30"
999,Can you guess 🤔❤️ @triggeredinsaan  #liveinsaan #shorts,Triggered Anaya,Other,10,Unknown,"Apr 11, 2026, 10:52:54 AM GMT+05:30"
999,Brand DOVE DESIRE FOR BLINKIT 16x9 01,Unknown,Other,10,Unknown,"Apr 11, 2026, 10:47:26 AM GMT+05:30"
999,Daily Lipbalms BO SS BPC MID ENG PF D10 BGM 1x1,Unknown,AI,10,Unknown,"Apr 11, 2026, 10:46:52 AM GMT+05:30"
999,POV: Stranger Changes Her Mind Last Minute  #prom #dressess #fashion #dressootd #promdresses #dress,Milivine Studio,Fashion,10,Unknown,"Apr 11, 2026, 9:59:07 AM GMT+05:30"
999,Am I Losing my Hair 🤯😶‍🌫️ #shorts #prank #comedy,Im Nick,AI,10,Unknown,"Apr 11, 2026, 9:59:06 AM GMT+05:30"
999,BTS Rockettes Dance Telephone,The Rockettes,Other,10,Unknown,"Apr 11, 2026, 9:58:56 AM GMT+05:30"
999,😱Google guy’s SURPRISE dance performance on our sangeet! #googleguy #couple #shorts,Life with Google Guy,Other,10,Unknown,"Apr 11, 2026, 9:58:02 AM GMT+05:30"
999,Square: Find verified properties only on Housing🏠.,Unknown,Other,10,Unknown,"Apr 11, 2026, 9:46:25 AM GMT+05:30"
999,Arranged Couple | E08 - Pyaar In Public Ft. Srishti Shrivastava & Harman Singha | Girliyapa,Girliyapa,Other,10,Unknown,"Apr 11, 2026, 9:43:47 AM GMT+05:30"
999,Arranged Couple | E07 - Honeymoon Period Over? Ft. Srishti Shrivastava & Harman Singha | Girliyapa,Girliyapa,Other,10,Unknown,"Apr 11, 2026, 9:43:32 AM GMT+05:30"
999,Arranged Couple | E06 - Mate For Each Other Ft. Srishti Shrivastava & Harman Singha | Girliyapa,Girliyapa,Other,10,Unknown,"Apr 11, 2026, 9:43:27 AM GMT+05:30"
999,Arranged Couple | E05 - Love Vs Arranged Ft. Srishti Shrivastava & Harman Singha | Girliyapa,Girliyapa,Other,10,Unknown,"Apr 11, 2026, 9:41:16 AM GMT+05:30"
999,"Hey Kay Navin? | Trailer | Marathi ZEE5 Original | Priya Bapat, Umesh Kamat | Pre 31st Mar",Unknown,AI,10,Unknown,"Apr 11, 2026, 9:41:09 AM GMT+05:30"
999,Lachha Paneer Paratha Recipe😍 #shorts #trending #viralvideo #paratha,Foodies Food Court,Other,10,Unknown,"Apr 10, 2026, 8:03:39 PM GMT+05:30"
999,Lets Make *Ekdum Spicy Peri Peri Paneer Paratha*🔥🔥 #Shorts #Paratha #PeriPeri #PaneerParatha,Fun2oosh Food,Other,10,Unknown,"Apr 10, 2026, 8:02:19 PM GMT+05:30"
999,https://www.youtube.com/watch?v=e3pkoJiz-uI,Unknown,Other,10,Unknown,"Apr 10, 2026, 7:36:34 PM GMT+05:30"
999,"What's the BEST Tech Career in 2026 ? | High Paying, Growth & Stability",Apna College,Technology,10,Unknown,"Apr 10, 2026, 6:56:53 PM GMT+05:30"
999,PGP in Applied AI & Agentic Systems,Unknown,AI,10,Unknown,"Apr 10, 2026, 6:56:35 PM GMT+05:30"
999,Richik 199 Paid Funnel Jan B1 Script 1 Reel,Unknown,AI,10,Unknown,"Apr 10, 2026, 11:23:31 AM GMT+05:30"
999,Introduction to Linked Lists in Python | Real-Life Example | Memory Allocation - Part 55 [Hindi],Code and Debug,Technology,10,Unknown,"Apr 10, 2026, 5:52:59 AM GMT+05:30"
999,DSA in Python Course - Leetcode 141: Linked List Cycle | Floyd’s Cycle Detection - Part 59 [Hindi],Code and Debug,Technology,25,Unknown,"Apr 10, 2026, 5:52:52 AM GMT+05:30"
999,DSA in Python - Combination Sum II | Recursion & Backtracking | Leetcode 40 - Part 76 [Hindi],Code and Debug,Technology,10,Unknown,"Apr 10, 2026, 5:52:32 AM GMT+05:30"
999,Data Science Bootcamp using Python,Unknown,Technology,10,Unknown,"Apr 10, 2026, 5:52:23 AM GMT+05:30"
999,The Best Language for DSA 👨‍💻,CodeWithHarry,Other,10,Unknown,"Apr 10, 2026, 5:49:43 AM GMT+05:30"
999,Richik RSR Workshop Oct B1 Script 4,Unknown,Other,10,Unknown,"Apr 10, 2026, 5:43:53 AM GMT+05:30"
999,Shortened: Still Not Using AI? Learn in just 2 Days | Harsh Goela #AI #stockmarket #trending,Unknown,AI,10,Unknown,"Apr 10, 2026, 5:36:12 AM GMT+05:30"
999,DSA in Python Course - Leetcode 53: Find the Maximum Subarray Sum - Part 36 [Hindi] | Code & Debug,Code and Debug,Technology,25,Unknown,"Apr 10, 2026, 5:34:09 AM GMT+05:30"
999,DSA in Python Course - Selection Sort in Python - Part 19 [Hindi] | Code & Debug,Code and Debug,Technology,25,Unknown,"Apr 10, 2026, 5:31:47 AM GMT+05:30"
999,"""Engineering Impact""",Unknown,Other,10,Unknown,"Apr 10, 2026, 5:31:37 AM GMT+05:30"
999,Maggi Veg Atta Noodles | Marathi,Unknown,Other,10,Unknown,"Apr 10, 2026, 5:31:35 AM GMT+05:30"
999,DSA in Python Course - Reverse an Array Using Recursion - Part 16 [Hindi] | Code & Debug,Code and Debug,Technology,25,Unknown,"Apr 10, 2026, 5:30:46 AM GMT+05:30"
999,DSA Python Course 2025 - What is Functional Recursion? - Part 14 [Hindi] | Code & Debug,Code and Debug,Technology,25,Unknown,"Apr 10, 2026, 5:29:38 AM GMT+05:30"
999,DSA Python Course 2025 - Recursion Using Parameters - Part 13 [Hindi] | Code & Debug,Code and Debug,Technology,25,Unknown,"Apr 10, 2026, 5:28:53 AM GMT+05:30"
999,DSA Python Course 2025 - Introduction to Recursion Concept - Part 12 [Hindi] | Code & Debug,Code and Debug,Technology,25,Unknown,"Apr 10, 2026, 5:28:29 AM GMT+05:30"
999,Data Science VS Machine Learning VS Artificial Intelligence,Unknown,AI,10,Unknown,"Apr 10, 2026, 5:28:21 AM GMT+05:30"
999,Arranged Couple | E05 - Love Vs Arranged Ft. Srishti Shrivastava & Harman Singha | Girliyapa,Girliyapa,Other,10,Unknown,"Apr 9, 2026, 10:00:45 PM GMT+05:30"
999,Google One | आपकी डिजिटल लाइफ़ का स्टोरेज,Unknown,Other,10,Unknown,"Apr 9, 2026, 9:51:23 PM GMT+05:30"
999,Crop/Trim of YTgoogle changes with X ray,Unknown,Other,10,Unknown,"Apr 9, 2026, 8:42:24 PM GMT+05:30"
999,UG Program at Mesa School,Unknown,Other,10,Unknown,"Apr 9, 2026, 8:27:00 PM GMT+05:30"
999,"Jeere Mein Heera, Rimzim Jeera",Unknown,Other,10,Unknown,"Apr 9, 2026, 8:21:44 PM GMT+05:30"
999,"Taarak Mehta Ka Ooltah Chashmah | तारक मेहता का उल्टा चश्मा | Episode 598 | 21st September, 2020",Sony PAL,Entertainment,10,Unknown,"Apr 9, 2026, 7:58:23 PM GMT+05:30"
999,26q1 dd cx Google dp sup Lyft Messaging 2 ev affordability DashPass Evergreen v4 video 1200x1200 15,Unknown,Other,10,Unknown,"Apr 9, 2026, 7:57:34 PM GMT+05:30"
999,Saito09 funny video 😂😂😂 #shorts,Saito,AI,10,Unknown,"Apr 9, 2026, 7:52:43 PM GMT+05:30"
999,She’s my mammy👩🏻 #shorts #couple #relationship,NickandCarrie,Other,10,Unknown,"Apr 9, 2026, 7:50:44 PM GMT+05:30"
999,whoops,Julia fun game,Other,10,Unknown,"Apr 9, 2026, 7:49:45 PM GMT+05:30"
999,Do not miss the End! 😉,Ananya and Samrat,Other,10,Unknown,"Apr 9, 2026, 7:49:19 PM GMT+05:30"
999,Your Bank Balance is Drowning,Unknown,Other,10,Unknown,"Apr 9, 2026, 7:49:14 PM GMT+05:30"
999,POV: Sales Girl Judges The Wrong Customer #prom #dressess #dress #fashion #promdresses #ootd,Milivine Studio,Fashion,10,Unknown,"Apr 9, 2026, 7:46:43 PM GMT+05:30"
999,Time for him to learn Chinese🤔 #shorts #couple #relationship,NickandCarrie,Other,10,Unknown,"Apr 9, 2026, 7:43:07 PM GMT+05:30"
999,smoked paneer tikka roll 🐣,shivangi pithisaria,Other,10,Unknown,"Apr 9, 2026, 7:42:07 PM GMT+05:30"
999,Arranged Couple | E04 - We Need To Talk Ft. Srishti Shrivastava & Harman Singha | Girliyapa,Girliyapa,Other,10,Unknown,"Apr 9, 2026, 5:50:46 PM GMT+05:30"
999,Richik 199 Paid Funnel Jan B1 Script 1 Reel,Unknown,AI,10,Unknown,"Apr 9, 2026, 5:50:39 PM GMT+05:30"
999,Arranged Couple | E03 - The Climax Ft. Srishti Shrivastava & Harman Singha | Girliyapa,Girliyapa,Other,10,Unknown,"Apr 9, 2026, 5:32:57 PM GMT+05:30"
999,Shortened: Sharara set from Flipkart 🤩 #flipkart #fashion #flipkartdress #onlineshopping #underbudge,Unknown,Fashion,10,Unknown,"Apr 9, 2026, 5:32:51 PM GMT+05:30"
999,Abu Dhabi में मिला Contestants को Challenge | MasterChef India | Full Episode,Sony LIV,Entertainment,10,Unknown,"Apr 9, 2026, 5:27:32 PM GMT+05:30"
999,Google AI Plus,Unknown,AI,10,Unknown,"Apr 9, 2026, 5:27:23 PM GMT+05:30"
999,Find verified properties only on Housing🏠.,Unknown,Other,10,Unknown,"Apr 9, 2026, 5:23:38 PM GMT+05:30"
999,Join Google One | More storage + backup,Unknown,Other,10,Unknown,"Apr 9, 2026, 5:17:27 PM GMT+05:30"
999,I Didn’t Believe In God Until This … | Korean Maggi Recipe | @sosaute  #shorts,So Saute,Other,10,Unknown,"Apr 9, 2026, 4:48:25 PM GMT+05:30"
999,https://ad.doubleclick.net/searchads/link/click?lid=58700008900342323&ds_a_cid=6905154668&ds_a_caid=22609152458&ds_a_agid=&ds_a_fiid=&ds_a_lid=&ds_a_extid=&&ds_e_adid=&ds_e_matchtype=&ds_e_device=m&ds_e_network=x&&ds_url_v=2&ds_dest_url=https://one.google.com/about/plans?utm_source=g1&utm_medium=paid_media&utm_campaign=storage&gclsrc=aw.ds&gad_source=2&gad_campaignid=22609163186,Unknown,AI,10,Unknown,"Apr 9, 2026, 4:17:25 PM GMT+05:30"
999,Home Cooks ने बनाया Arab Cuisine | MasterChef India | Full Episode,Sony LIV,Entertainment,10,Unknown,"Apr 9, 2026, 4:06:04 PM GMT+05:30"
999,Keep it Réal with RÉAL ACTIV COCONUT WATER | 20 Sec | Marathi,Unknown,Other,10,Unknown,"Apr 9, 2026, 3:36:16 PM GMT+05:30"
999,My Russian Girlfriend Short Film | Parents and Girlfriend Hindi Short Movie | Content Ka Keeda,ContentkaKeeda,Entertainment,10,Unknown,"Apr 9, 2026, 3:26:12 PM GMT+05:30"
999,Moneyview Se Paisa Toh Rukna Kaisa! 🚀 - Download Moneyview App.,Unknown,AI,10,Unknown,"Apr 9, 2026, 3:26:06 PM GMT+05:30"
999,Square: MakeMyTrip | Travel Booking made easy,Unknown,Other,10,Unknown,"Apr 9, 2026, 3:25:59 PM GMT+05:30"
999,"Hey Kay Navin? | Snippets | Marathi ZEE5 Original | Priya Bapat, Umesh Kamat | Pre 31st Mar",Unknown,Other,10,Unknown,"Apr 9, 2026, 3:10:52 PM GMT+05:30"
999,Shani - Confidence Hook 6 seconder (Inf) 16x9- 0:08- 17/02,Unknown,Other,10,Unknown,"Apr 9, 2026, 3:10:45 PM GMT+05:30"
999,A ₹1 deal just for you. Get all essentials delivered at your doorstep.,Unknown,Other,10,Unknown,"Apr 9, 2026, 12:19:03 PM GMT+05:30"
999,Shortened: 👆Video Link | Flipkart Festive wear kurta sets,Unknown,Other,10,Unknown,"Apr 9, 2026, 11:59:24 AM GMT+05:30"
999,Shortened: Find ready to move in homes easily on Housing.🏠,Unknown,Other,10,Unknown,"Apr 9, 2026, 11:40:02 AM GMT+05:30"
999,What is your Girlfriend Body Count Short Film | Hindi Motivational Movie | Content Ka Keeda,ContentkaKeeda,Entertainment,10,Unknown,"Apr 9, 2026, 11:28:14 AM GMT+05:30"
999,🇰🇷24 HOURS KOREAN STREET FOOD CHALLENGE in Busan,Pooh in Korea,Other,10,Unknown,"Apr 9, 2026, 11:26:33 AM GMT+05:30"
999,Shortened: Flipkart Partywear Affordable Kurtasets  #saree #karwachauth #festival #viral #shorts #tr,Unknown,Other,10,Unknown,"Apr 9, 2026, 11:25:30 AM GMT+05:30"
999,I Tried Every STREET FOOD Stall In Lucknow To Find The Best 😱😱,So Saute,Other,10,Unknown,"Apr 9, 2026, 10:54:46 AM GMT+05:30"
999,Pasta Toing - Final - 16_9.mp4,Unknown,Other,10,Unknown,"Apr 9, 2026, 10:54:39 AM GMT+05:30"
999,Ep 1805 - Flats Ki Renovation | Taarak Mehta Ka Ooltah Chashmah | Full Episode | तारक मेहता,Taarak Mehta Ka Ooltah Chashmah,Entertainment,10,Unknown,"Apr 9, 2026, 10:50:24 AM GMT+05:30"
999,A ₹1 deal just for you. Get all essentials delivered at your doorstep.,Unknown,Other,10,Unknown,"Apr 9, 2026, 10:50:16 AM GMT+05:30"
999,Shortened: Link upar screen pr h 👆🏻 flipkart ke suits #kurtaset #suits #flipkart,Unknown,Other,10,Unknown,"Apr 9, 2026, 10:46:53 AM GMT+05:30"
999,धनराज को सबक सिखाने के लिए Popatlal ने बदला भेष | Taarak Mehta Ka Ooltah Chashmah | Bhide Ki Comedy,Sony LIV,Entertainment,10,Unknown,"Apr 9, 2026, 10:39:39 AM GMT+05:30"
999,26q1 dd cx Google dp sup Lyft Messaging 2 ev affordability DashPass Evergreen v5 video 960x1200 15 n,Unknown,Other,10,Unknown,"Apr 9, 2026, 10:39:28 AM GMT+05:30"
999,Arranged Couple | E02 - Your Place Or Mine Ft. Srishti Shrivastava & Harman Singha | Girliyapa,Girliyapa,Other,10,Unknown,"Apr 9, 2026, 10:29:42 AM GMT+05:30"
999,"Hey Kay Navin? | Trailer | Marathi ZEE5 Original | Priya Bapat, Umesh Kamat | Pre 31st Mar",Unknown,AI,10,Unknown,"Apr 9, 2026, 10:03:07 AM GMT+05:30"
999,Arranged Couple | E01 - First Night Ft. Srishti Shrivastava & Harman Singha | Girliyapa,Girliyapa,Other,10,Unknown,"Apr 9, 2026, 9:52:00 AM GMT+05:30"
999,Google One | आपकी डिजिटल लाइफ़ का स्टोरेज,Unknown,Other,10,Unknown,"Apr 9, 2026, 9:51:50 AM GMT+05:30"
999,Communication Gap बना Dish की Failure की वजह | MasterChef India | Ep 31 | Full Episode,SET India,AI,10,Unknown,"Apr 9, 2026, 9:44:37 AM GMT+05:30"
999,Polaroid photo editing tutorial 🤩🥳|detailed video uploaded in my channel #editingvideo #polaroids,Theadorablemakings,AI,20,Unknown,"Apr 9, 2026, 8:16:58 AM GMT+05:30"
999,DIY cute wall decoration 🌱🌈🌿,Tuta Cute Art,Other,10,Unknown,"Apr 9, 2026, 8:12:53 AM GMT+05:30"
999,Room decor ideas🙃💙🌀,Noor's Cherry Blossom vlogs🦋🦋,Other,10,Unknown,"Apr 9, 2026, 8:12:40 AM GMT+05:30"
999,How to make ribbon bows 🎀 easy tutorial for Christmas 🎄 #hacks #diy #tutorial,Jubilee Eats,Education,20,Unknown,"Apr 9, 2026, 8:12:00 AM GMT+05:30"
999,how to make a ribbon bow 🎀#diy #ribbonbows #ribbon #decoration #decorationideas #decorative #like,DoRa creation,Other,10,Unknown,"Apr 9, 2026, 8:11:40 AM GMT+05:30"
999,Communication Gap बना Dish की Failure की वजह | MasterChef India | Ep 31 | Full Episode,SET India,AI,10,Unknown,"Apr 8, 2026, 8:57:35 PM GMT+05:30"
999,The law of attraction,Unknown,Other,10,Unknown,"Apr 8, 2026, 6:12:45 PM GMT+05:30"
999,क्या Priyanka-Nayan की जोड़ी Exact Same Dish बनाने में होगी कामयाब? |MasterChef India S7 | Throwback,Sony LIV,Other,10,Unknown,"Apr 8, 2026, 5:39:01 PM GMT+05:30"
999,Richik Free Funnel Feb B1 Script 3,Unknown,Other,10,Unknown,"Apr 8, 2026, 8:03:24 AM GMT+05:30"
999,Google AI Plus,Unknown,AI,10,Unknown,"Apr 8, 2026, 7:58:12 AM GMT+05:30"
999,DSA Python Course 2025 - Introduction to Recursion Concept - Part 12 [Hindi] | Code & Debug,Code and Debug,Technology,25,Unknown,"Apr 8, 2026, 7:53:15 AM GMT+05:30"
999,DSA Python Course 2025 - Introduction to Hashing in Python - Part 11 [Hindi] | Code & Debug,Code and Debug,Technology,25,Unknown,"Apr 8, 2026, 7:53:10 AM GMT+05:30"
999,DevOps vs. SRE vs. Cloud Engineer vs. Platform Engineer,Unknown,Other,10,Unknown,"Apr 8, 2026, 7:53:04 AM GMT+05:30"
999,Mudit Webinar Ad 5(1).mp4,Unknown,Other,10,Unknown,"Apr 8, 2026, 7:49:07 AM GMT+05:30"
999,DSA Python Course 2025 - Store Frequency in Dictionary - Part 10 [Hindi] | Code & Debug,Code and Debug,Technology,25,Unknown,"Apr 8, 2026, 7:43:02 AM GMT+05:30"
999,Q425 Instructor Paid D Munoz 1x1 15,Unknown,AI,10,Unknown,"Apr 8, 2026, 7:42:55 AM GMT+05:30"
999,Alumni Stories | C Sharaschandra | Certification Program in Applied Generative AI and Agentic AI,Unknown,AI,10,Unknown,"Apr 8, 2026, 7:36:04 AM GMT+05:30"
999,FDE Academy | Building Engineers for Real-World AI,Unknown,AI,10,Unknown,"Apr 8, 2026, 7:29:49 AM GMT+05:30"
999,May 10 2024 Udemy Brand Spot Product Focus 1x1 30s,Unknown,Other,10,Unknown,"Apr 8, 2026, 7:23:23 AM GMT+05:30"
999,OAI FebVideographer India UC1 9x16,Unknown,AI,10,Unknown,"Apr 8, 2026, 7:18:03 AM GMT+05:30"
999,OAI Task2 IND EN Food 9x16 18s,Unknown,AI,10,Unknown,"Apr 8, 2026, 7:09:12 AM GMT+05:30"
999,Living on Rs 100 for 24 HOURS Challenge | Amritsar Food Challenge,Priyanka Tiwari,Other,10,Unknown,"Apr 7, 2026, 9:45:06 PM GMT+05:30"
999,Maggi Veg Atta Noodles | Marathi,Unknown,Other,10,Unknown,"Apr 7, 2026, 9:44:56 PM GMT+05:30"
999,🇰🇷24 HOURS KOREAN STREET FOOD CHALLENGE in Busan,Pooh in Korea,Other,10,Unknown,"Apr 7, 2026, 9:32:58 PM GMT+05:30"
999,UG Program at Mesa School,Unknown,Other,10,Unknown,"Apr 7, 2026, 9:32:49 PM GMT+05:30"
999,क्या Priyanka-Nayan की जोड़ी Exact Same Dish बनाने में होगी कामयाब? |MasterChef India S7 | Throwback,Sony LIV,Other,10,Unknown,"Apr 7, 2026, 9:21:34 PM GMT+05:30"
999,"Jeere Mein Heera, Rimzim Jeera",Unknown,Other,10,Unknown,"Apr 7, 2026, 9:21:26 PM GMT+05:30"
999,Range Sum Query Immutable - Leetcode 303 - Python,NeetCodeIO,Technology,10,Unknown,"Apr 7, 2026, 7:45:17 PM GMT+05:30"
999,Google AI Plus,Unknown,AI,10,Unknown,"Apr 7, 2026, 7:45:08 PM GMT+05:30"
999,Google Cloud: Your one-stop shop for AI and everything cloud,Unknown,AI,10,Unknown,"Apr 7, 2026, 6:54:27 PM GMT+05:30"
999,CLC-Uploaded-TanyaAppachu-Acrobat-NA-INF-16x9,Unknown,Other,10,Unknown,"Apr 7, 2026, 6:37:13 PM GMT+05:30"
999,OAI ICC ImageGen UseCase4 1x1 ROMANHINDI,Unknown,AI,10,Unknown,"Apr 6, 2026, 11:36:06 PM GMT+05:30"
999,Episode 982 - Taarak Mehta Ka Ooltah Chashmah - Full Episode | तारक मेहता का उल्टा चश्मा,Taarak Mehta Ka Ooltah Chashmah,Entertainment,10,Unknown,"Apr 6, 2026, 11:29:00 PM GMT+05:30"
999,PARTYWEAR KURTA SETS UNDER BUDGET #SlayitWithFlipkart #shorts #FitcheckwithFlipkart  #Flipkartfinds,Unknown,Other,10,Unknown,"Apr 6, 2026, 11:28:48 PM GMT+05:30"
999,Episode 981 - Taarak Mehta Ka Ooltah Chashmah - Full Episode | तारक मेहता का उल्टा चश्मा,Taarak Mehta Ka Ooltah Chashmah,Entertainment,10,Unknown,"Apr 6, 2026, 11:16:03 PM GMT+05:30"
999,Taarak Mehta Ka Ooltah Chashmah - Episode 530 - Full Episode,Sony SAB,Entertainment,10,Unknown,"Apr 6, 2026, 11:12:57 PM GMT+05:30"
999,कौन जीतेगा The Mystery Box Challenge | MasterChef India | Ep 9 | Full Episode,SET India,Entertainment,10,Unknown,"Apr 6, 2026, 11:12:36 PM GMT+05:30"
999,8086 Memory Banking | Microprocessor Lectures In Hindi,Last moment tuitions,Education,25,Unknown,"Apr 6, 2026, 9:54:34 PM GMT+05:30"
999,PHYSICAL MEMORY ORGANIZATION OF 8086 MICROPROCESSOR |EVEN MEMORY BANK | ODD MEMORY BANK |JNTUH | ECE,shyamsunder Merugu,Other,10,Unknown,"Apr 6, 2026, 9:33:30 PM GMT+05:30"
999,Memory Segmentation in 8086 |Microprocessor Lectures in Hindi,Last moment tuitions,Education,25,Unknown,"Apr 6, 2026, 8:55:28 PM GMT+05:30"
999,Memory Segmentation in 8086 Microprocessor Part-1 Explained in Hindi,5 Minutes Engineering,AI,20,Unknown,"Apr 6, 2026, 8:55:10 PM GMT+05:30"
999,Memory Segmentation in 8086 Microprocessor: Basics and Overview,Engineering Funda,Other,10,Unknown,"Apr 6, 2026, 8:44:51 PM GMT+05:30"
999,Pasta Toing - Final - 16_9.mp4,Unknown,Other,10,Unknown,"Apr 6, 2026, 8:44:45 PM GMT+05:30"
999,Godrej Fab Liquid Detergent l 20 sec l Marathi,Unknown,Other,10,Unknown,"Apr 6, 2026, 8:38:22 PM GMT+05:30"
999,House of McDowell’s Soda | Firsts With Friends | Yaaron Waali Baat | Kartik Aaryan | Hindi,Unknown,Other,10,Unknown,"Apr 6, 2026, 8:38:03 PM GMT+05:30"
999,क्या Priyanka-Nayan की जोड़ी Exact Same Dish बनाने में होगी कामयाब? |MasterChef India S7 | Throwback,Sony LIV,Other,10,Unknown,"Apr 6, 2026, 8:34:18 PM GMT+05:30"
999,SDE | Bosscoder Review- Arushi | DSA Course | Software Engineering Course| System Design Course,Unknown,Technology,25,Unknown,"Apr 6, 2026, 8:33:55 PM GMT+05:30"
999,Memory Banking in 8086 Microprocessor: Basics and Control Signals,Engineering Funda,Other,10,Unknown,"Apr 6, 2026, 8:29:03 PM GMT+05:30"
999,Google AI Plus,Unknown,AI,10,Unknown,"Apr 6, 2026, 8:28:53 PM GMT+05:30"
999,#MemoryOrganization/ Microprocessor 8086 Memory Organization Lecture 6/ Pallavi Chaudhari,Engineering Tutorial Hub,Education,25,Unknown,"Apr 6, 2026, 8:20:11 PM GMT+05:30"
999,Join Google One | More storage + backup,Unknown,Other,10,Unknown,"Apr 6, 2026, 8:20:03 PM GMT+05:30"
999,OAI Task2 IND EN Food 16x9 12s,Unknown,AI,10,Unknown,"Apr 6, 2026, 8:19:12 PM GMT+05:30"
999,Range Sum Query Immutable - Leetcode 303 - Python,NeetCodeIO,Technology,10,Unknown,"Apr 6, 2026, 7:00:14 PM GMT+05:30"
999,Google Cloud: Your one-stop shop for AI and everything cloud,Unknown,AI,10,Unknown,"Apr 6, 2026, 6:59:55 PM GMT+05:30"
999,Pressure Test - Who Will Replicate The Masters? | MasterChef India | Ep 10 | Full Episode,SET India,Entertainment,10,Unknown,"Apr 6, 2026, 5:34:39 PM GMT+05:30"
999,Upgrade Your Kitchen in Just 10 Minutes!,Unknown,Other,10,Unknown,"Apr 6, 2026, 5:34:33 PM GMT+05:30"
999,Finally! Get ready with me for a DATE🤭,Gopali,Other,10,Unknown,"Apr 6, 2026, 5:34:16 PM GMT+05:30"
999,GRWM for his best friend’s wedding! Quick glow up hack #facewash #skincare #shorts,Vaibhavi Thakur,Fashion,10,Unknown,"Apr 6, 2026, 5:33:23 PM GMT+05:30"
999,I Tried Every STREET FOOD Stall In Lucknow To Find The Best 😱😱,So Saute,Other,10,Unknown,"Apr 6, 2026, 5:33:08 PM GMT+05:30"
999,7 Ps of Marketing Explained | Marketing Mix Concept | Marketing Fundamentals | #3,Umar Tazkeer,AI,20,Unknown,"Apr 6, 2026, 8:23:11 AM GMT+05:30"
999,ExcelAI - Video 114 B/W,Unknown,AI,10,Unknown,"Apr 6, 2026, 8:23:01 AM GMT+05:30"
999,Pressure Test - Who Will Replicate The Masters? | MasterChef India | Ep 10 | Full Episode,SET India,Entertainment,10,Unknown,"Apr 5, 2026, 2:19:33 PM GMT+05:30"
999,Shortened: CG HustlrACE 18Sec Video DTA 24012024 1200x628,Unknown,Other,10,Unknown,"Apr 5, 2026, 2:19:26 PM GMT+05:30"
999,Dining Challenge में होगी किस Team की जीत? | MasterChef India S7 | Countdown To New Season,SET India,Other,10,Unknown,"Apr 5, 2026, 1:50:39 PM GMT+05:30"
999,Brand DOVE DESIRE FOR BLINKIT 16x9 01,Unknown,Other,10,Unknown,"Apr 5, 2026, 1:50:34 PM GMT+05:30"
999,MasterChef का पहला 'Team Service Challenge' जीतेगी कौनसी Team? | MasterChef India | Most Touching,SET India,Other,10,Unknown,"Apr 5, 2026, 1:43:51 PM GMT+05:30"
999,2088_BewafaBiwiAurBillionaire_Hindi_2min_HiBg20880053.mp4,Unknown,AI,10,Unknown,"Apr 5, 2026, 1:42:02 PM GMT+05:30"
999,"Hey Kay Navin? | Trailer Cut | Marathi ZEE5 Original | Priya Bapat, Umesh Kamat | Watch on ZEE5",Unknown,AI,10,Unknown,"Apr 5, 2026, 1:42:02 PM GMT+05:30"
999,That Two Lover Teachers in School👩‍❤️‍👨 #shorts  #teratrigun #loverteacher #schoollifecomedy,Tera Trigun,Entertainment,10,Unknown,"Apr 5, 2026, 1:41:27 PM GMT+05:30"
999,POV: Customer Goes On Undercover Boss  #prom #dressess #fashion #formaldress #dress #promdress,Milivine Studio,Fashion,10,Unknown,"Apr 5, 2026, 1:41:22 PM GMT+05:30"
999,He got so nervous😂 #shorts #couple #relationship,NickandCarrie,Other,10,Unknown,"Apr 5, 2026, 1:40:30 PM GMT+05:30"
999,😱I don’t look MARRIED? My married woman look went viral! #bridalglow #married,Vaibhavi Thakur,Other,10,Unknown,"Apr 5, 2026, 1:39:39 PM GMT+05:30"
999,Now Serving Customers - कौनसी Team होगी Popular? | MasterChef India | Ep 14 | Full Episode,SET India,Entertainment,10,Unknown,"Apr 5, 2026, 1:05:32 PM GMT+05:30"
999,Taarak Mehta Ka Ooltah Chashmah - Episode 232,Sony SAB,Entertainment,10,Unknown,"Apr 5, 2026, 1:05:00 PM GMT+05:30"
999,Taarak Mehta Ka Ooltah Chashmah | Throwback | तारक मेहता का उल्टा चशमाह | Full Episode - 231,Sony SAB,Entertainment,10,Unknown,"Apr 5, 2026, 12:50:57 PM GMT+05:30"
999,Taarak Mehta Ka Ooltah Chashmah - तारक मेहता का उल्टा चशमाह - Episode 230 - Full Episode,Sony SAB,Entertainment,10,Unknown,"Apr 5, 2026, 12:50:38 PM GMT+05:30"
999,Taarak Mehta Ka Ooltah Chashmah - तारक मेहता का उल्टा चशमाह - Episode 229 - Full Episode,Sony SAB,Entertainment,10,Unknown,"Apr 5, 2026, 12:32:45 PM GMT+05:30"
999,Taarak Mehta Ka Ooltah Chashmah - तारक मेहता का उल्टा चशमाह - Episode 228 - Full Episode,Sony SAB,Entertainment,10,Unknown,"Apr 5, 2026, 12:20:05 PM GMT+05:30"
999,Taarak Mehta Ka Ooltah Chashmah - तारक मेहता का उल्टा चशमाह - Episode 227 - Full Episode,Sony SAB,Entertainment,10,Unknown,"Apr 5, 2026, 12:15:45 PM GMT+05:30"
999,House of McDowell’s Soda | Firsts With Friends | Yaaron Waali Baat | Kartik Aaryan | Hindi,Unknown,Other,10,Unknown,"Apr 5, 2026, 12:14:42 PM GMT+05:30"
999,Me On The FIrst Day Of Salary ! #comedy  #tarakmehta #mumbaiindians #csk #rcb #funny,Taarak Mehta Ka Ooltah Chashmah,AI,10,Unknown,"Apr 5, 2026, 12:14:23 PM GMT+05:30"
999,pti_papakathappadxptixpov_nikhil_ipadpov_27feb_faceless_newtopic_m5.3 _newtopic_shivam_pc_hook1,Unknown,Other,10,Unknown,"Apr 5, 2026, 12:14:22 PM GMT+05:30"
999,ASMR Coffee Making 😱 #shorts,Manchale,Other,10,Unknown,"Apr 5, 2026, 12:13:37 PM GMT+05:30"
999,aasa kyu kiya aayan🥹😍 #relatable #familydrama #comedy #bhabhibrother #familydrama,Diksha soni,Entertainment,10,Unknown,"Apr 5, 2026, 12:13:31 PM GMT+05:30"
999,v7.mp4,Unknown,Other,10,Unknown,"Apr 5, 2026, 12:13:24 PM GMT+05:30"
999,You Can See Your Soulmate’s Relationship Status #funnyshorts #ytshorts #shorts,THE BROWN SIBLINGS,Entertainment,10,Unknown,"Apr 5, 2026, 12:12:28 PM GMT+05:30"
999,Pov :- Kanjak Day In 2026,Paayal Tena Short Videos,Other,10,Unknown,"Apr 5, 2026, 12:10:56 PM GMT+05:30"
999,Prerna di cried thinking about her past 🥹❤️ @triggeredinsaan #liveinsaan #shorts,Triggered Anvi,Other,10,Unknown,"Apr 5, 2026, 10:42:13 AM GMT+05:30"
999,The bangles are my fav #ytshorts #shortvideo #shorts,Ruchika Rathore,Other,10,Unknown,"Apr 5, 2026, 10:42:06 AM GMT+05:30"
999,“Gen-Z Took Leave For What???”,Priss Entertainment,Other,10,Unknown,"Apr 5, 2026, 10:40:38 AM GMT+05:30"
999,When Your Have Short Height Wife😂 #shorts #teratrigun #shortheight,Tera Trigun,Other,10,Unknown,"Apr 5, 2026, 10:39:47 AM GMT+05:30"
999,POV: She Wasn't Who She Thought She Was  #fashion #formaldress #dressess #promdress #prom #dressmall,Milivine Studio,Fashion,10,Unknown,"Apr 5, 2026, 10:38:24 AM GMT+05:30"
999,भाई का जलवा मुस्लिम भाई को देखे # shorts #facts,Mukesh Sir Motihari,Other,10,Unknown,"Apr 5, 2026, 10:38:22 AM GMT+05:30"
999,Has this happened to you? #promdressideas #promdress #promdresses #promdressshopping #dress,Milivine Studio,Fashion,10,Unknown,"Apr 5, 2026, 10:38:10 AM GMT+05:30"
999,Kid Influencer BO SSI SNE MID HENG HE DD BGM+AU 9x16,Unknown,Other,10,Unknown,"Apr 5, 2026, 10:38:08 AM GMT+05:30"
999,Jab principal mam achanak se apki class m aajaye 😳👩‍🏫 #shorts #sejalgabashorts #school #teacher,Sejal Gaba,Other,10,Unknown,"Apr 5, 2026, 10:36:46 AM GMT+05:30"
999,https://www.youtube.com/post/Ugkx26n5aF6Y_YzdQdXBHC4r46muL0eMZZT_,Unknown,Other,10,Unknown,"Apr 5, 2026, 10:36:44 AM GMT+05:30"
999,Bridal Get unready with me after Shaadi❤️ #shaadi #bride #wedding #bridetobe #weddingvlog,Vidhi Rajput,Other,10,Unknown,"Apr 5, 2026, 10:36:39 AM GMT+05:30"
999,🥹Will I wear a BIKINI to my beach trip?👙 #bikinihair #hairremoval #femalehygiene,Vaibhavi Thakur,AI,10,Unknown,"Apr 5, 2026, 10:36:24 AM GMT+05:30"
999,Husband Or Bestie?😂 #couple #bestfriends #bestfriendsforever #husbandwife #funny #comedy #relatable,Chaitali Harshil,Entertainment,10,Unknown,"Apr 5, 2026, 10:35:26 AM GMT+05:30"
999,POV: They Fought Over The Wrong Dress  #prom #dressess #dress #fashion #promdresses #dressootd #ootd,Milivine Studio,Fashion,10,Unknown,"Apr 5, 2026, 10:35:19 AM GMT+05:30"
999,Got a customised kit targeting my root causes. HarshadaAnkitaReaction 9x16_GApp_15/10/2025,Unknown,Other,10,Unknown,"Apr 5, 2026, 10:35:15 AM GMT+05:30"
999,Ruchika’s dance at the end 😜🎀 @triggeredinsaan #ruchikarathore #triggeredinsaan #malhanfamily,Quick edit,Other,10,Unknown,"Apr 5, 2026, 10:34:54 AM GMT+05:30"
999,Saito09 funny video 😂😂😂 #shorts,Saito,AI,10,Unknown,"Apr 5, 2026, 10:34:51 AM GMT+05:30"
999,😭My bridal makeup artist GHOSTED me before my wedding! #mua #bridalmakeup #bride,Vaibhavi Thakur,Fashion,10,Unknown,"Apr 5, 2026, 10:34:47 AM GMT+05:30"
999,All toppings vs. No toppings Pizza Hut Challenge! #foodchallenge #thakursisters,Thakur Sisters,Other,10,Unknown,"Apr 5, 2026, 10:34:41 AM GMT+05:30"
999,How to deal with clients who smell,Nikki | Fun Nail Tech Lessons,Other,10,Unknown,"Apr 5, 2026, 10:33:37 AM GMT+05:30"
999,I made her a movie 🍿🎥🥰 #shorts #couple #relationship,NickandCarrie,Entertainment,10,Unknown,"Apr 5, 2026, 10:33:33 AM GMT+05:30"
999,POV: Beating Your Mom At Her Own Game  #dressess #formaldress #dressootd #fashion #prom #dressmall,Milivine Studio,Fashion,10,Unknown,"Apr 5, 2026, 10:32:05 AM GMT+05:30"
999,Holi With Short Height Wife😂 #shorts #teratrigun #shortheight,Tera Trigun,Other,10,Unknown,"Apr 5, 2026, 10:31:09 AM GMT+05:30"
999,How to get rid of excess dandruff,CheekyGlo,Other,10,Unknown,"Apr 5, 2026, 8:33:22 AM GMT+05:30"
999,Dandruff Hacks with Nizoral #dermdoctor #dandruff #dermatologist #nizoral #sponsored #skincare #Der,Dr. Muneeb Shah,Fashion,10,Unknown,"Apr 5, 2026, 8:33:12 AM GMT+05:30"
999,Try this for DANDRUFF! #shorts #dandruff #haircare #hairmasks #hairmask #diyhaircare #recipe,Glamrs,AI,10,Unknown,"Apr 5, 2026, 8:32:27 AM GMT+05:30"
999,Say Goodbye To Dandruff with Lemon and Coconut Oil | Dandruff Remove Remedy #shorts #viral #dandruff,GLAMOROUS ROOPA,Other,10,Unknown,"Apr 5, 2026, 8:32:13 AM GMT+05:30"
999,Homemade Hair Mask to get rid of dandruff in winters❄️ #winterhaircare #haircare #hairmask #dandruff,Ishika Garg,AI,10,Unknown,"Apr 5, 2026, 8:31:56 AM GMT+05:30"
999,DJ played the WRONG TRACK My Sangeet Dance at Didi’s Wedding! Part 3/6 #weddingchoreography,Vaishnavi Thakur,Other,10,Unknown,"Apr 5, 2026, 8:31:44 AM GMT+05:30"
999,POV: A Stranger Tries To Steal Your Dress #dressess #fashion #dressootd #promattire #dress,Milivine Studio,Fashion,10,Unknown,"Apr 4, 2026, 8:51:09 PM GMT+05:30"
999,https://www.youtube.com/post/UgkxumvvybRVxwwbwHYWLc8lqN3NMi03rlBF,Unknown,Other,10,Unknown,"Apr 4, 2026, 8:51:02 PM GMT+05:30"
999,She did NOT expect such a reaction! 😭🥺 #challenge #funny #familyfun #fun #games,Amber Challenge,Entertainment,10,Unknown,"Apr 4, 2026, 8:50:57 PM GMT+05:30"
999,"Will you try this? 😂 Bridal Couture from Dapra - 410 Kucha Brijnath, Chandni Chowk, Delhi",PiyushYaminiOfficial,Other,10,Unknown,"Apr 4, 2026, 8:50:44 PM GMT+05:30"
999,My Epic First Match #TheKhaasSeat | Kid,Unknown,Other,10,Unknown,"Apr 4, 2026, 8:50:10 PM GMT+05:30"
999,"""McD style french fries holder bana diya."" 🤯😉🤩 #relatable #trending #shorts",Radhika Maroo,Other,10,Unknown,"Apr 4, 2026, 11:16:45 AM GMT+05:30"
999,Egg Or Tomato 🤔🧠 #dantes #memes #reaction,clipsofdantes,Other,10,Unknown,"Apr 4, 2026, 11:16:41 AM GMT+05:30"
999,https://www.youtube.com/post/UgkxwGoi3LzFJ16OSFeaIb5Ucpj-Qn0C0aMZ,Unknown,AI,10,Unknown,"Apr 4, 2026, 11:16:40 AM GMT+05:30"
999,Which dress are you saying no to? #prom #promdress #promdresses #dress #formaldresses,Milivine Studio,Fashion,10,Unknown,"Apr 4, 2026, 11:16:25 AM GMT+05:30"
999,😱Did I dance on my Haldi event? #haldi #indianwedding #bride2026,Vaibhavi Thakur,Other,10,Unknown,"Apr 4, 2026, 11:16:25 AM GMT+05:30"
999,😂Bride vs Groom in my wedding! Every bride’s struggle #wedding #bride2026 #indianwedding,Vaibhavi Thakur,Other,10,Unknown,"Apr 4, 2026, 11:16:22 AM GMT+05:30"
999,Kitne supportive dost hai 😂,Ankkita Chauhan,AI,10,Unknown,"Apr 4, 2026, 11:15:49 AM GMT+05:30"
999,https://www.youtube.com/watch?v=AlaO5XmrfNM,Unknown,Other,10,Unknown,"Apr 4, 2026, 11:15:47 AM GMT+05:30"
999,https://www.youtube.com/watch?v=0Xi4HmGiVYY,Unknown,Other,10,Unknown,"Apr 4, 2026, 11:15:46 AM GMT+05:30"
999,Their reactions when they figure it out… 😅,The Smily Fam,Other,10,Unknown,"Apr 4, 2026, 11:15:44 AM GMT+05:30"
999,I CAN’T BELIEVE WE JUST HIT 11M FAMILY MEMBERS! 🥹😭🥰,Jenny Hoyos,Other,10,Unknown,"Apr 4, 2026, 11:15:09 AM GMT+05:30"
999,Professional m🤑ney spender #challenge #funny #couplechallenge,Jul & Den Family,Entertainment,10,Unknown,"Apr 4, 2026, 11:14:45 AM GMT+05:30"
999,When The Customer Isn't Always Right #prom #dressess #formaldress #promdress #promdressshopping,Milivine Studio,Fashion,10,Unknown,"Apr 4, 2026, 11:13:24 AM GMT+05:30"
999,GUESS THE NUMBER CHALLENGE 😱😱,Anjali and Hunny,Other,10,Unknown,"Apr 4, 2026, 11:12:55 AM GMT+05:30"
999,Will KFC Fill The Worlds Biggest Bucket?,DanCookedIt,Other,10,Unknown,"Apr 4, 2026, 11:12:43 AM GMT+05:30"
999,10 Minutes Different Colour Street Food Challenge 😱| Cards Decide My Street Food Challenge #shorts,RIYA DEVANSHI,Other,10,Unknown,"Apr 4, 2026, 11:12:31 AM GMT+05:30"
999,CAN'T BELIEVE THIS FINALLY HAPPENED!! 🥵 #yinrunandluke #poisonsushi #couplechallenge #couple #sushi,Yinrun's World,Other,10,Unknown,"Apr 4, 2026, 11:12:06 AM GMT+05:30"
999,Saito09 funny video 😂😂😂 #shorts,Saito,AI,10,Unknown,"Apr 4, 2026, 11:11:08 AM GMT+05:30"
999,TRYING VIRAL GUAVA PANI PURI RECIPE 😱😱,So Saute,Other,10,Unknown,"Apr 4, 2026, 11:10:32 AM GMT+05:30"
999,You Can Choose Your Husband #ytshorts #funnyshorts #shorts,THE BROWN SIBLINGS,Entertainment,10,Unknown,"Apr 4, 2026, 10:39:20 AM GMT+05:30"
999,सबसे महंगा डोसा,kanchanfood official,Other,10,Unknown,"Apr 4, 2026, 10:39:18 AM GMT+05:30"
999,Summers,WSolMakeovers1,Other,10,Unknown,"Apr 4, 2026, 10:39:14 AM GMT+05:30"
999,Random bites challenge 2 #challenge #mukbang #stoneychoi,Stoney Choi,Other,10,Unknown,"Apr 4, 2026, 10:39:13 AM GMT+05:30"
999,Saito09 funny video 😂😂😂 #shorts,Saito,AI,10,Unknown,"Apr 4, 2026, 10:38:13 AM GMT+05:30"
999,"Chồng ăn trộm bánh bao, tôi trả thù hắn ta nghiêm khắc",cặp đôi hài hướcTV,Other,10,Unknown,"Apr 4, 2026, 10:37:30 AM GMT+05:30"
999,Bache mann ke sache 🤦🏻‍♀️ #rjkarishma #shorts,rjkarishma,Other,10,Unknown,"Apr 4, 2026, 10:37:21 AM GMT+05:30"
999,https://www.youtube.com/post/UgkxHrH1T_81ErltgVD4YK-ARpbreiMRU7xV,Unknown,Other,10,Unknown,"Apr 4, 2026, 10:37:20 AM GMT+05:30"
999,Everything You Draw Comes to Life #funnyshorts #ytshorts #shorts,THE BROWN SIBLINGS,Entertainment,10,Unknown,"Apr 4, 2026, 10:36:27 AM GMT+05:30"
